mesh Leet_Full
skeleton rig b1e51a1238f88001
scale 39.37000
mat 0 leet_hands_material resources/models/textures/leet_hands_material.png
mat 1 leet_skin_material resources/models/textures/leet_skin_material.png
mat 2 glasses_material resources/models/textures/glasses_material.png
vertices 1216
v 2.628989 53.662724 -29.619501 0.352970 0.851541 0.387673 0.260900 0.587300 26 25 0 0 0.880664 0.119336 0.000000 0.000000
v 3.353481 53.430252 -30.219442 0.633736 0.545550 0.548410 0.224600 0.611100 26 25 0 0 0.928045 0.071955 0.000000 0.000000
v 2.904437 52.103111 -29.933765 0.314007 -0.735565 0.600287 0.293500 0.623000 26 25 0 0 0.939005 0.060995 0.000000 0.000000
v 4.420129 52.241520 -31.304506 0.715988 -0.518897 0.467019 0.184800 0.682500 26 25 0 0 0.953961 0.046039 0.000000 0.000000
v 4.393229 53.044914 -31.558882 0.716158 0.687277 0.121519 0.173900 0.631000 26 25 0 0 0.953421 0.046579 0.000000 0.000000
v 4.590043 52.247990 -32.307178 0.754702 -0.453598 0.473997 0.159400 0.690500 26 25 0 0 0.961087 0.038913 0.000000 0.000000
v 4.574071 52.726158 -32.458633 0.753694 0.638494 0.155790 0.137700 0.646800 26 25 0 0 0.961467 0.038533 0.000000 0.000000
v 4.985824 51.949932 -32.877758 0.700647 -0.518600 0.490049 0.108700 0.714300 26 25 0 0 0.964868 0.035132 0.000000 0.000000
v 4.957004 52.810745 -33.150555 0.673964 0.731720 0.101775 0.090600 0.662700 26 25 0 0 0.965641 0.034359 0.000000 0.000000
v 5.097874 51.811386 -33.694817 0.781791 -0.542828 0.306823 0.043500 0.730200 26 25 0 0 0.967046 0.032954 0.000000 0.000000
v 5.057870 52.574940 -33.942348 0.758120 0.651206 -0.034419 0.025400 0.694400 26 25 0 0 0.967600 0.032400 0.000000 0.000000
v 5.294016 51.783375 -34.308769 0.758257 -0.651937 0.004906 0.018100 0.742100 26 25 0 0 0.967798 0.032202 0.000000 0.000000
v 5.271700 52.452881 -34.520882 0.664106 0.654779 -0.360870 0.000000 0.710300 26 25 0 0 0.968098 0.031902 0.000000 0.000000
v 5.034440 51.721031 -34.542995 0.103002 -0.792346 -0.601314 0.036200 0.773800 26 25 0 0 0.968086 0.031914 0.000000 0.000000
v 5.017020 52.387520 -34.769257 0.069637 0.413348 -0.907906 0.014500 0.801600 26 25 0 0 0.968436 0.031564 0.000000 0.000000
v 4.509202 51.743591 -34.172958 -0.561752 -0.718916 -0.409382 0.072500 0.773800 26 25 0 0 0.968393 0.031607 0.000000 0.000000
v 4.484325 52.489418 -34.409214 -0.553156 0.426962 -0.715348 0.072500 0.817500 26 25 0 0 0.969093 0.030907 0.000000 0.000000
v 4.086140 51.784805 -33.462917 -0.677020 -0.734016 -0.053520 0.112300 0.769800 26 25 0 0 0.968149 0.031851 0.000000 0.000000
v 4.041558 52.681961 -33.752792 -0.712387 0.557511 -0.426247 0.108700 0.813500 26 25 0 0 0.969666 0.030334 0.000000 0.000000
v 4.048285 51.859962 -33.304272 -0.675151 -0.737095 -0.029343 0.134100 0.757900 26 25 0 0 0.967891 0.032109 0.000000 0.000000
v 4.014184 52.666153 -33.545570 -0.712465 0.573793 -0.403924 0.141300 0.793700 26 25 0 0 0.969369 0.030631 0.000000 0.000000
v 3.323865 52.898170 -32.489857 0.073075 0.073054 -0.994647 0.199300 0.769800 26 25 0 0 0.966432 0.033568 0.000000 0.000000
v 3.451698 53.204365 -36.480465 0.931772 0.360462 0.043235 0.894900 0.873000 26 0 0 0 1.000000 0.000000 0.000000 0.000000
v 3.262848 53.430504 -36.734791 0.227349 0.897752 -0.377299 0.876800 0.881000 26 0 0 0 1.000000 0.000000 0.000000 0.000000
v 3.473264 53.138260 -36.614605 0.941972 0.335432 0.013224 0.894900 0.881000 26 0 0 0 1.000000 0.000000 0.000000 0.000000
v 3.632524 52.623947 -37.704231 0.817514 -0.210125 -0.536207 0.898600 0.952400 26 0 0 0 1.000000 0.000000 0.000000 0.000000
v 3.493416 52.850471 -37.730572 0.270614 0.718085 -0.641188 0.884100 0.944400 26 0 0 0 1.000000 0.000000 0.000000 0.000000
v 3.136702 52.702255 -37.783897 -0.316973 0.536868 -0.781857 0.858700 0.944400 26 0 0 0 1.000000 0.000000 0.000000 0.000000
v 2.715258 53.215328 -36.795784 -0.530631 0.677658 -0.509126 0.840600 0.888900 26 0 0 0 1.000000 0.000000 0.000000 0.000000
v 2.968819 53.987930 -35.457771 0.208346 0.912081 -0.353130 0.862300 0.829400 26 0 0 0 1.000000 0.000000 0.000000 0.000000
v 2.338423 53.734493 -35.546116 -0.532324 0.689669 -0.490906 0.829700 0.837300 26 0 0 0 1.000000 0.000000 0.000000 0.000000
v 2.669388 54.673996 -33.863392 0.133868 0.901267 -0.412066 0.858700 0.750000 26 25 0 0 0.972963 0.027037 0.000000 0.000000
v 1.632497 54.356262 -33.872780 -0.190608 0.854834 -0.482625 0.811600 0.761900 26 0 0 0 1.000000 0.000000 0.000000 0.000000
v 2.176458 54.815651 -33.159298 -0.108605 0.980577 -0.163321 0.826100 0.742100 26 25 0 0 0.968374 0.031626 0.000000 0.000000
v 1.155185 54.511974 -33.158813 -0.209087 0.948410 -0.238331 0.764500 0.746000 26 25 0 0 0.965558 0.034442 0.000000 0.000000
v 1.838910 53.697083 -29.649921 0.033301 0.998713 -0.038260 0.808000 0.587300 26 0 0 0 1.000000 0.000000 0.000000 0.000000
v 0.094001 54.174931 -32.809677 -0.212111 0.948132 -0.236760 0.713800 0.734100 26 25 0 0 0.974979 0.025021 0.000000 0.000000
v -0.732681 53.896759 -32.290199 -0.235085 0.942087 -0.239181 0.663000 0.718300 26 0 0 0 1.000000 0.000000 0.000000 0.000000
v -0.543630 53.683903 -33.119877 -0.300593 0.833929 -0.462825 0.673900 0.757900 26 0 0 0 1.000000 0.000000 0.000000 0.000000
v -1.376643 53.451141 -32.371208 -0.724319 0.671412 -0.156743 0.626800 0.730200 26 0 0 0 1.000000 0.000000 0.000000 0.000000
v -1.697104 52.846622 -33.914944 -0.665831 0.734373 -0.131777 0.612300 0.789700 26 0 0 0 1.000000 0.000000 0.000000 0.000000
v -1.402005 52.960426 -32.209175 -0.921501 -0.313298 0.229524 0.597800 0.718300 26 0 0 0 1.000000 0.000000 0.000000 0.000000
v -1.696978 52.517578 -33.652706 -0.877755 -0.321119 0.355568 0.594200 0.769800 26 0 0 0 1.000000 0.000000 0.000000 0.000000
v -0.587018 52.786201 -29.522623 -0.650172 -0.575168 0.496445 0.485500 0.619000 26 25 0 0 0.970052 0.029948 0.000000 0.000000
v -0.944604 52.579948 -31.249601 -0.250880 -0.942962 0.218821 0.514500 0.694400 26 0 0 0 1.000000 0.000000 0.000000 0.000000
v -1.287464 52.994553 -31.271692 -0.914673 -0.256288 0.312554 0.539900 0.674600 26 0 0 0 1.000000 0.000000 0.000000 0.000000
v -1.402005 52.960426 -32.209175 -0.921501 -0.313298 0.229524 0.543500 0.714300 26 0 0 0 1.000000 0.000000 0.000000 0.000000
v -1.184597 52.483051 -32.340679 -0.239302 -0.922417 0.303120 0.518100 0.730200 26 0 0 0 1.000000 0.000000 0.000000 0.000000
v -1.696978 52.517578 -33.652706 -0.877755 -0.321119 0.355568 0.543500 0.781700 26 0 0 0 1.000000 0.000000 0.000000 0.000000
v -1.443115 52.272068 -33.486660 -0.154460 -0.922733 0.353137 0.521700 0.785700 26 0 0 0 1.000000 0.000000 0.000000 0.000000
v -1.759262 52.450218 -33.819874 -0.860467 -0.289617 0.419187 0.543500 0.793700 26 0 0 0 1.000000 0.000000 0.000000 0.000000
v -1.537485 52.164455 -33.774727 -0.141469 -0.894174 0.424781 0.525400 0.801600 26 0 0 0 1.000000 0.000000 0.000000 0.000000
v -2.118550 52.030231 -34.838898 -0.883576 -0.297468 0.361671 0.550700 0.841300 26 0 0 0 1.000000 0.000000 0.000000 0.000000
v -1.867212 51.799088 -34.632820 -0.172517 -0.871710 0.458649 0.532600 0.841300 26 0 0 0 1.000000 0.000000 0.000000 0.000000
v -2.133510 51.973743 -34.931728 -0.876841 -0.341654 0.338264 0.554300 0.849200 26 0 0 0 1.000000 0.000000 0.000000 0.000000
v -1.929975 51.716457 -34.803665 -0.196437 -0.853846 0.482037 0.536200 0.853200 26 0 0 0 1.000000 0.000000 0.000000 0.000000
v -2.186536 51.404755 -35.634998 -0.189443 -0.939312 0.286016 0.543500 0.900800 26 0 0 0 1.000000 0.000000 0.000000 0.000000
v -1.868763 51.491554 -35.269333 0.213991 -0.926804 0.308613 0.529000 0.877000 26 0 0 0 1.000000 0.000000 0.000000 0.000000
v -1.892698 51.484375 -35.795620 0.475883 -0.879506 0.001984 0.518100 0.904800 26 0 0 0 1.000000 0.000000 0.000000 0.000000
v -1.541431 51.824543 -35.011738 0.642245 -0.755253 0.130825 0.507200 0.861100 26 0 0 0 1.000000 0.000000 0.000000 0.000000
v -1.514981 52.150578 -35.254814 0.881565 0.043503 -0.470054 0.489100 0.869000 26 0 0 0 1.000000 0.000000 0.000000 0.000000
v -1.479212 52.213409 -35.190609 0.879219 0.151122 -0.451814 0.485500 0.857100 26 0 0 0 1.000000 0.000000 0.000000 0.000000
v -0.582709 52.088760 -34.860142 -0.160870 -0.882893 0.441158 0.452900 0.841300 26 0 0 0 1.000000 0.000000 0.000000 0.000000
v -0.009020 52.242741 -35.041466 0.574370 -0.781963 0.242143 0.420300 0.849200 26 0 0 0 1.000000 0.000000 0.000000 0.000000
v -0.810938 51.541409 -36.062370 -0.133739 -0.889082 0.437776 0.460100 0.904800 26 0 0 0 1.000000 0.000000 0.000000 0.000000
v -0.294528 51.680008 -36.225613 0.562966 -0.786026 0.255409 0.427500 0.908700 26 0 0 0 1.000000 0.000000 0.000000 0.000000
v -0.213306 51.992088 -36.609798 0.897171 0.234179 -0.374491 0.409400 0.912700 26 0 0 0 1.000000 0.000000 0.000000 0.000000
v -0.348356 51.561584 -36.458252 0.582909 -0.780097 0.227301 0.431200 0.920600 26 0 0 0 1.000000 0.000000 0.000000 0.000000
v -0.253142 51.927540 -36.704819 0.889070 0.164553 -0.427174 0.409400 0.920600 26 0 0 0 1.000000 0.000000 0.000000 0.000000
v -0.673528 51.193768 -37.441990 0.428019 -0.903555 -0.019692 0.434800 0.964300 26 0 0 0 1.000000 0.000000 0.000000 0.000000
v -0.642697 51.349586 -37.724583 0.508213 -0.278538 -0.814946 0.427500 0.984100 26 0 0 0 1.000000 0.000000 0.000000 0.000000
v -1.031602 51.097828 -37.326687 -0.134424 -0.976002 0.171320 0.467400 0.964300 26 0 0 0 1.000000 0.000000 0.000000 0.000000
v -1.221064 51.180519 -37.566391 -0.678214 -0.584590 -0.445286 0.481900 0.980200 26 0 0 0 1.000000 0.000000 0.000000 0.000000
v -0.866703 51.415668 -36.305180 -0.173733 -0.880519 0.441026 0.463800 0.916700 26 0 0 0 1.000000 0.000000 0.000000 0.000000
v -1.126825 51.693283 -36.423512 -0.925677 -0.321222 0.199847 0.481900 0.912700 26 0 0 0 1.000000 0.000000 0.000000 0.000000
v -1.122524 51.764984 -36.278664 -0.929318 -0.290855 0.227535 0.478300 0.904800 26 0 0 0 1.000000 0.000000 0.000000 0.000000
v -0.836035 52.383778 -34.948135 -0.918993 -0.233454 0.317728 0.471000 0.841300 26 0 0 0 1.000000 0.000000 0.000000 0.000000
v -0.512857 52.232281 -34.554012 -0.184018 -0.874093 0.449555 0.449300 0.829400 26 0 0 0 1.000000 0.000000 0.000000 0.000000
v -0.789781 52.451176 -34.809486 -0.905187 -0.261176 0.335297 0.467400 0.825400 26 0 0 0 1.000000 0.000000 0.000000 0.000000
v -0.543630 53.683903 -33.119877 -0.300593 0.833929 -0.462825 0.463800 0.754000 26 0 0 0 1.000000 0.000000 0.000000 0.000000
v 4.807630 51.524670 -33.736355 0.132491 -0.975824 0.173818 0.072500 0.750000 26 25 0 0 0.967366 0.032634 0.000000 0.000000
v 4.594810 51.629818 -33.050011 0.048847 -0.929820 0.364759 0.112300 0.734100 26 25 0 0 0.965790 0.034210 0.000000 0.000000
v 4.532093 51.691860 -32.946148 0.020001 -0.916169 0.400292 0.134100 0.722200 26 25 0 0 0.965386 0.034614 0.000000 0.000000
v 3.903024 51.868576 -31.782181 0.164833 -0.971263 0.171691 0.199300 0.710300 26 25 0 0 0.958479 0.041521 0.000000 0.000000
v 3.623781 51.739544 -31.397087 0.091999 -0.974445 0.204920 0.239100 0.690500 26 25 0 0 0.955291 0.044709 0.000000 0.000000
v 2.272848 52.233124 -29.434589 0.096153 -0.692282 0.715192 0.333300 0.658700 26 25 0 0 0.934998 0.065002 0.000000 0.000000
v 2.628989 53.662724 -29.619501 0.352970 0.851541 0.387673 0.329700 0.579400 26 25 0 0 0.880664 0.119336 0.000000 0.000000
v 0.705367 52.518311 -29.520588 -0.082969 -0.949656 0.302109 0.394900 0.623000 26 25 0 0 0.961155 0.038845 0.000000 0.000000
v 0.705367 52.518311 -29.520588 -0.082969 -0.949656 0.302109 0.456500 0.619000 26 25 0 0 0.961155 0.038845 0.000000 0.000000
v 3.352746 52.037315 -32.217148 -0.221412 -0.894369 -0.388692 0.202900 0.730200 26 25 0 0 0.963004 0.036996 0.000000 0.000000
v 2.985291 52.050449 -32.279789 -0.160211 -0.853734 -0.495451 0.250000 0.718300 26 25 0 0 0.964151 0.035849 0.000000 0.000000
v 2.733433 53.742634 -33.317902 0.605977 -0.783407 -0.138082 0.260900 0.742100 26 25 0 0 0.974711 0.025289 0.000000 0.000000
v 1.320055 52.427872 -31.045849 -0.132325 -0.990873 0.025694 0.358700 0.702400 26 25 0 0 0.965262 0.034738 0.000000 0.000000
v 1.831210 53.430393 -32.928501 0.152639 -0.988269 0.005123 0.333300 0.750000 26 0 0 0 1.000000 0.000000 0.000000 0.000000
v 0.803669 53.114712 -32.764206 0.164975 -0.984229 0.063846 0.402200 0.738100 26 0 0 0 1.000000 0.000000 0.000000 0.000000
v 1.683629 53.351704 -33.898525 0.493327 -0.865088 0.090843 0.344200 0.777800 26 0 0 0 1.000000 0.000000 0.000000 0.000000
v 0.935489 53.085976 -33.861195 -0.076834 -0.986794 0.142599 0.376800 0.781700 26 0 0 0 1.000000 0.000000 0.000000 0.000000
v 1.134364 52.555954 -35.133495 -0.155349 -0.913102 0.376975 0.373200 0.837300 26 0 0 0 1.000000 0.000000 0.000000 0.000000
v 0.866438 52.770782 -35.477844 -0.927239 -0.374436 -0.004991 0.394900 0.841300 26 0 0 0 1.000000 0.000000 0.000000 0.000000
v 0.881979 52.690018 -35.662300 -0.950604 -0.309920 0.017341 0.394900 0.853200 26 0 0 0 1.000000 0.000000 0.000000 0.000000
v 2.968386 54.282593 -33.848412 0.945018 0.323393 0.048564 0.250000 0.757900 26 25 0 0 0.974149 0.025851 0.000000 0.000000
v 3.047560 53.415035 -34.907146 0.583000 -0.716589 0.382897 0.260900 0.817500 26 0 0 0 1.000000 0.000000 0.000000 0.000000
v 2.909892 53.724129 -33.729561 0.645438 -0.666376 0.373300 0.268100 0.765900 26 0 0 0 1.000000 0.000000 0.000000 0.000000
v 2.413847 53.166691 -34.981422 -0.181136 -0.938761 0.293115 0.297100 0.825400 26 0 0 0 1.000000 0.000000 0.000000 0.000000
v 3.104635 53.302059 -35.195484 0.570711 -0.693115 0.440319 0.260900 0.833300 26 0 0 0 1.000000 0.000000 0.000000 0.000000
v 2.491864 53.047012 -35.291779 -0.204006 -0.922201 0.328523 0.293500 0.841300 26 0 0 0 1.000000 0.000000 0.000000 0.000000
v 3.359924 52.870411 -36.206966 0.600911 -0.664974 0.443526 0.250000 0.881000 26 0 0 0 1.000000 0.000000 0.000000 0.000000
v 2.754705 52.632626 -36.274414 -0.228123 -0.919724 0.319479 0.286200 0.888900 26 0 0 0 1.000000 0.000000 0.000000 0.000000
v 3.409774 52.756939 -36.452950 0.614126 -0.666697 0.422333 0.246400 0.896800 26 0 0 0 1.000000 0.000000 0.000000 0.000000
v 2.836987 52.523914 -36.530426 -0.226276 -0.929267 0.291998 0.282600 0.900800 26 0 0 0 1.000000 0.000000 0.000000 0.000000
v 3.247705 52.412914 -36.949730 0.196708 -0.920690 0.337098 0.257200 0.924600 26 0 0 0 1.000000 0.000000 0.000000 0.000000
v 3.133883 52.325882 -37.484211 -0.091835 -0.990765 0.099758 0.264500 0.952400 26 0 0 0 1.000000 0.000000 0.000000 0.000000
v 3.551863 52.490047 -37.437687 0.590830 -0.785378 0.184667 0.235500 0.944400 26 0 0 0 1.000000 0.000000 0.000000 0.000000
v 3.632524 52.623947 -37.704231 0.817514 -0.210125 -0.536207 0.217400 0.960300 26 0 0 0 1.000000 0.000000 0.000000 0.000000
v 3.473264 53.138260 -36.614605 0.941972 0.335432 0.013224 0.224600 0.888900 26 0 0 0 1.000000 0.000000 0.000000 0.000000
v 1.632497 54.356262 -33.872780 -0.190608 0.854834 -0.482625 0.329700 0.773800 26 0 0 0 1.000000 0.000000 0.000000 0.000000
v 1.921175 53.151279 -35.519154 0.941623 0.327415 -0.078392 0.322500 0.833300 26 0 0 0 1.000000 0.000000 0.000000 0.000000
v 1.736490 52.767067 -35.168922 0.530122 -0.754775 0.386374 0.340600 0.837300 26 0 0 0 1.000000 0.000000 0.000000 0.000000
v 1.936437 53.071938 -35.704288 0.928338 0.367526 -0.055793 0.318800 0.849200 26 0 0 0 1.000000 0.000000 0.000000 0.000000
v 1.758401 52.606567 -35.515926 0.527150 -0.753603 0.392678 0.340600 0.853200 26 0 0 0 1.000000 0.000000 0.000000 0.000000
v 1.888417 52.095741 -36.755917 0.564915 -0.733461 0.378030 0.333300 0.916700 26 0 0 0 1.000000 0.000000 0.000000 0.000000
v 1.302919 51.883015 -36.734146 -0.177458 -0.916410 0.358749 0.369600 0.916700 26 0 0 0 1.000000 0.000000 0.000000 0.000000
v 1.896142 51.963161 -37.035988 0.553432 -0.749246 0.363790 0.333300 0.928600 26 0 0 0 1.000000 0.000000 0.000000 0.000000
v 1.338252 51.768375 -37.039337 -0.190596 -0.923760 0.332177 0.369600 0.932500 26 0 0 0 1.000000 0.000000 0.000000 0.000000
v 1.687855 51.627056 -37.555305 0.199738 -0.917975 0.342676 0.351400 0.952400 26 0 0 0 1.000000 0.000000 0.000000 0.000000
v 1.530043 51.482674 -38.110756 -0.070104 -0.979584 0.188417 0.358700 0.976200 26 0 0 0 1.000000 0.000000 0.000000 0.000000
v 1.939250 51.633659 -38.124954 0.504453 -0.840863 0.196155 0.333300 0.972200 26 0 0 0 1.000000 0.000000 0.000000 0.000000
v 1.409050 51.522243 -38.459076 -0.453558 -0.618185 -0.641976 0.373200 1.000000 26 0 0 0 1.000000 0.000000 0.000000 0.000000
v 2.050638 51.766567 -38.467934 0.719284 -0.177338 -0.671701 0.315200 0.996000 26 0 0 0 1.000000 0.000000 0.000000 0.000000
v -0.063859 53.834084 -29.767643 -0.208158 0.955030 0.211159 0.688400 0.587300 26 0 0 0 1.000000 0.000000 0.000000 0.000000
v -0.366747 53.952663 -30.171144 -0.365486 0.923759 0.114413 0.670300 0.631000 26 0 0 0 1.000000 0.000000 0.000000 0.000000
v -1.174862 53.729073 -31.708277 -0.605317 0.795567 -0.025797 0.630400 0.698400 26 0 0 0 1.000000 0.000000 0.000000 0.000000
v -1.287464 52.994553 -31.271692 -0.914673 -0.256288 0.312554 0.597800 0.670600 26 0 0 0 1.000000 0.000000 0.000000 0.000000
v -0.070315 52.816868 -32.155098 0.112119 -0.988137 0.104950 0.471000 0.714300 26 0 0 0 1.000000 0.000000 0.000000 0.000000
v -0.733701 52.567562 -32.992298 0.344033 -0.938759 -0.019314 0.481900 0.746000 26 0 0 0 1.000000 0.000000 0.000000 0.000000
v -1.030020 52.392796 -33.712425 0.561115 -0.823720 0.081458 0.496400 0.793700 26 0 0 0 1.000000 0.000000 0.000000 0.000000
v -1.150109 52.276302 -33.984543 0.579787 -0.806221 0.117708 0.500000 0.805600 26 0 0 0 1.000000 0.000000 0.000000 0.000000
v -1.471481 51.909374 -34.862663 0.642480 -0.757580 0.115291 0.507200 0.849200 26 0 0 0 1.000000 0.000000 0.000000 0.000000
v -0.251346 52.737362 -33.355232 -0.211432 -0.957362 0.196860 0.445700 0.761900 26 0 0 0 1.000000 0.000000 0.000000 0.000000
v 0.362628 52.821896 -33.708794 0.459466 -0.886611 0.053025 0.409400 0.773800 26 0 0 0 1.000000 0.000000 0.000000 0.000000
v 0.070208 52.384674 -34.760120 0.579984 -0.786847 0.210930 0.416700 0.833300 26 0 0 0 1.000000 0.000000 0.000000 0.000000
v 0.122112 52.692661 -35.123753 0.910934 0.219640 -0.349224 0.398600 0.841300 26 0 0 0 1.000000 0.000000 0.000000 0.000000
v 0.096231 52.633785 -35.242695 0.917445 0.257458 -0.303331 0.402200 0.853200 26 0 0 0 1.000000 0.000000 0.000000 0.000000
v 0.451422 53.808937 -33.759464 -0.243119 0.802409 -0.545007 0.742800 0.773800 26 0 0 0 1.000000 0.000000 0.000000 0.000000
v 1.002354 53.153034 -35.749966 -0.544087 0.725508 -0.421435 0.757200 0.857100 26 0 0 0 1.000000 0.000000 0.000000 0.000000
v 1.590323 53.354073 -35.749054 0.107651 0.902757 -0.416463 0.789900 0.857100 26 0 0 0 1.000000 0.000000 0.000000 0.000000
v 1.157275 52.466187 -37.304905 -0.553938 0.701423 -0.448507 0.753600 0.928600 26 0 0 0 1.000000 0.000000 0.000000 0.000000
v 1.751185 52.643494 -37.310295 0.116396 0.896057 -0.428409 0.793500 0.928600 26 0 0 0 1.000000 0.000000 0.000000 0.000000
v 1.416143 51.832264 -38.388371 -0.499944 0.580181 -0.642998 0.760900 0.988100 26 0 0 0 1.000000 0.000000 0.000000 0.000000
v 1.870927 51.992050 -38.417351 0.102926 0.761067 -0.640455 0.789900 0.992100 26 0 0 0 1.000000 0.000000 0.000000 0.000000
v 1.409050 51.522243 -38.459076 -0.453558 -0.618185 -0.641976 0.750000 1.000000 26 0 0 0 1.000000 0.000000 0.000000 0.000000
v 2.050638 51.766567 -38.467934 0.719284 -0.177338 -0.671701 0.808000 1.000000 26 0 0 0 1.000000 0.000000 0.000000 0.000000
v 2.968386 54.282593 -33.848412 0.945018 0.323393 0.048564 0.865900 0.738100 26 25 0 0 0.974149 0.025851 0.000000 0.000000
v 2.733433 53.742634 -33.317902 0.605977 -0.783407 -0.138082 0.855100 0.742100 26 25 0 0 0.974711 0.025289 0.000000 0.000000
v 2.873838 54.793144 -33.450241 0.513697 0.769269 -0.379922 0.880400 0.750000 26 25 0 0 0.968127 0.031873 0.000000 0.000000
v 2.975251 54.830421 -33.243458 0.497181 0.806254 -0.320571 0.894900 0.742100 26 25 0 0 0.965355 0.034645 0.000000 0.000000
v 3.323865 52.898170 -32.489857 0.073075 0.073054 -0.994647 0.858700 0.734100 26 25 0 0 0.966432 0.033568 0.000000 0.000000
v 3.869127 53.286163 -32.223179 0.388965 0.859938 -0.330475 0.884100 0.698400 26 25 0 0 0.959531 0.040469 0.000000 0.000000
v 4.014184 52.666153 -33.545570 -0.712465 0.573793 -0.403924 0.898600 0.765900 26 25 0 0 0.969369 0.030631 0.000000 0.000000
v 4.489118 52.973553 -33.352169 -0.025061 0.982913 -0.182359 0.909400 0.738100 26 25 0 0 0.967020 0.032980 0.000000 0.000000
v 4.534870 52.986389 -33.485332 -0.010844 0.972898 -0.230979 0.934800 0.757900 26 25 0 0 0.967452 0.032548 0.000000 0.000000
v 4.957004 52.810745 -33.150555 0.673964 0.731720 0.101775 0.963800 0.746000 26 25 0 0 0.965641 0.034359 0.000000 0.000000
v 5.057870 52.574940 -33.942348 0.758120 0.651206 -0.034419 0.989100 0.765900 26 25 0 0 0.967600 0.032400 0.000000 0.000000
v 1.067396 52.043015 -37.216660 -0.921187 -0.385128 -0.055594 0.391300 0.928600 26 0 0 0 1.000000 0.000000 0.000000 0.000000
v 1.048017 52.109978 -37.085808 -0.943861 -0.330317 -0.004020 0.391300 0.916700 26 0 0 0 1.000000 0.000000 0.000000 0.000000
v 1.158218 52.388313 -35.493916 -0.182913 -0.907262 0.378707 0.373200 0.853200 26 0 0 0 1.000000 0.000000 0.000000 0.000000
v -1.479212 52.213409 -35.190609 0.879219 0.151122 -0.451814 0.648600 0.853200 26 0 0 0 1.000000 0.000000 0.000000 0.000000
v -1.672595 52.486881 -35.329926 0.173710 0.820972 -0.543902 0.630400 0.849200 26 0 0 0 1.000000 0.000000 0.000000 0.000000
v -1.514981 52.150578 -35.254814 0.881565 0.043503 -0.470054 0.644900 0.861100 26 0 0 0 1.000000 0.000000 0.000000 0.000000
v -1.920966 51.546444 -36.039867 0.404980 -0.481117 -0.777507 0.608700 0.920600 26 0 0 0 1.000000 0.000000 0.000000 0.000000
v -2.040647 51.797016 -36.054184 -0.050857 0.534886 -0.843393 0.605100 0.896800 26 0 0 0 1.000000 0.000000 0.000000 0.000000
v -2.322995 51.434399 -35.825047 -0.636916 -0.742125 -0.208778 0.572500 0.904800 26 0 0 0 1.000000 0.000000 0.000000 0.000000
v -2.330603 51.727085 -35.881916 -0.775298 0.389065 -0.497536 0.583300 0.888900 26 0 0 0 1.000000 0.000000 0.000000 0.000000
v -2.133510 51.973743 -34.931728 -0.876841 -0.341654 0.338264 0.579700 0.829400 26 0 0 0 1.000000 0.000000 0.000000 0.000000
v -2.122432 52.360378 -35.072994 -0.693059 0.697313 -0.182820 0.597800 0.837300 26 0 0 0 1.000000 0.000000 0.000000 0.000000
v -2.118550 52.030231 -34.838898 -0.883576 -0.297468 0.361671 0.587000 0.817500 26 0 0 0 1.000000 0.000000 0.000000 0.000000
v -1.759262 52.450218 -33.819874 -0.860467 -0.289617 0.419187 0.587000 0.785700 26 0 0 0 1.000000 0.000000 0.000000 0.000000
v -0.642697 51.349586 -37.724583 0.508213 -0.278538 -0.814946 0.681200 0.984100 26 0 0 0 1.000000 0.000000 0.000000 0.000000
v -0.781656 51.635769 -37.692471 0.058448 0.681651 -0.729340 0.677500 0.964300 26 0 0 0 1.000000 0.000000 0.000000 0.000000
v -1.221064 51.180519 -37.566391 -0.678214 -0.584590 -0.445286 0.634100 0.972200 26 0 0 0 1.000000 0.000000 0.000000 0.000000
v -1.154032 51.536053 -37.572578 -0.586487 0.580359 -0.564992 0.652200 0.956300 26 0 0 0 1.000000 0.000000 0.000000 0.000000
v -0.502894 52.235695 -36.736172 0.125488 0.866297 -0.483510 0.695700 0.912700 26 0 0 0 1.000000 0.000000 0.000000 0.000000
v -1.030715 52.099724 -36.554722 -0.591856 0.751649 -0.291083 0.659400 0.900800 26 0 0 0 1.000000 0.000000 0.000000 0.000000
v -0.157633 52.931549 -35.266956 0.117204 0.877047 -0.465889 0.710100 0.845200 26 0 0 0 1.000000 0.000000 0.000000 0.000000
v -0.737630 52.785702 -35.047184 -0.607634 0.751184 -0.257884 0.681200 0.837300 26 0 0 0 1.000000 0.000000 0.000000 0.000000
v -1.266846 52.988304 -34.173729 0.093852 0.865009 -0.492900 0.641300 0.805600 26 0 0 0 1.000000 0.000000 0.000000 0.000000
v -1.002717 52.711735 -34.069672 0.849018 0.094812 -0.519787 0.663000 0.805600 26 0 0 0 1.000000 0.000000 0.000000 0.000000
v -1.084456 52.639938 -34.205223 0.863664 0.155213 -0.479576 0.655800 0.817500 26 0 0 0 1.000000 0.000000 0.000000 0.000000
v 2.264328 53.320160 -35.474461 -0.912398 -0.377551 -0.158065 0.315200 0.845200 26 0 0 0 1.000000 0.000000 0.000000 0.000000
v 2.597429 52.847183 -36.617825 -0.936439 -0.309578 -0.165055 0.308000 0.892900 26 0 0 0 1.000000 0.000000 0.000000 0.000000
v 2.623066 52.804211 -36.709354 -0.915496 -0.341741 -0.212320 0.304300 0.904800 26 0 0 0 1.000000 0.000000 0.000000 0.000000
v 3.074097 52.396530 -37.780159 -0.391756 -0.617385 -0.682175 0.271700 0.972200 26 0 0 0 1.000000 0.000000 0.000000 0.000000
v 3.074097 52.396530 -37.780159 -0.391756 -0.617385 -0.682175 0.847800 0.960300 26 0 0 0 1.000000 0.000000 0.000000 0.000000
v 2.623066 52.804211 -36.709354 -0.915496 -0.341741 -0.212320 0.822500 0.892900 26 0 0 0 1.000000 0.000000 0.000000 0.000000
v 2.597429 52.847183 -36.617825 -0.936439 -0.309578 -0.165055 0.822500 0.888900 26 0 0 0 1.000000 0.000000 0.000000 0.000000
v 2.264328 53.320160 -35.474461 -0.912398 -0.377551 -0.158065 0.815200 0.841300 26 0 0 0 1.000000 0.000000 0.000000 0.000000
v 2.216483 53.369389 -35.351234 -0.884220 -0.427761 -0.187552 0.815200 0.833300 26 0 0 0 1.000000 0.000000 0.000000 0.000000
v 1.921175 53.151279 -35.519154 0.941623 0.327415 -0.078392 0.815200 0.857100 26 0 0 0 1.000000 0.000000 0.000000 0.000000
v 1.936437 53.071938 -35.704288 0.928338 0.367526 -0.055793 0.815200 0.865100 26 0 0 0 1.000000 0.000000 0.000000 0.000000
v 2.040741 52.481583 -37.098820 0.908603 0.403869 -0.106442 0.815200 0.924600 26 0 0 0 1.000000 0.000000 0.000000 0.000000
v 2.046953 52.404045 -37.250450 0.923850 0.358124 -0.135087 0.811600 0.932500 26 0 0 0 1.000000 0.000000 0.000000 0.000000
v 2.133185 53.491764 -33.967442 -0.151808 -0.985907 0.070296 0.308000 0.773800 26 0 0 0 1.000000 0.000000 0.000000 0.000000
v 2.216483 53.369389 -35.351234 -0.884220 -0.427761 -0.187552 0.315200 0.833300 26 0 0 0 1.000000 0.000000 0.000000 0.000000
v 2.873838 54.793144 -33.450241 0.513697 0.769269 -0.379922 0.876800 0.750000 26 25 0 0 0.968127 0.031873 0.000000 0.000000
v 3.171426 53.762524 -35.195961 0.949428 0.312295 0.032539 0.876800 0.821400 26 0 0 0 1.000000 0.000000 0.000000 0.000000
v 2.046953 52.404045 -37.250450 0.923850 0.358124 -0.135087 0.315200 0.928600 26 0 0 0 1.000000 0.000000 0.000000 0.000000
v 2.040741 52.481583 -37.098820 0.908603 0.403869 -0.106442 0.315200 0.916700 26 0 0 0 1.000000 0.000000 0.000000 0.000000
v 3.451698 53.204365 -36.480465 0.931772 0.360462 0.043235 0.228300 0.877000 26 0 0 0 1.000000 0.000000 0.000000 0.000000
v 3.187233 53.711403 -35.315376 0.939180 0.338214 0.059603 0.235500 0.829400 26 0 0 0 1.000000 0.000000 0.000000 0.000000
v 4.764194 52.825359 -34.148384 0.111454 0.922080 -0.370602 0.956500 0.777800 26 25 0 0 0.968392 0.031608 0.000000 0.000000
v 5.017020 52.387520 -34.769257 0.069637 0.413348 -0.907906 0.974600 0.801600 26 25 0 0 0.968436 0.031564 0.000000 0.000000
v 4.484325 52.489418 -34.409214 -0.553156 0.426962 -0.715348 0.942000 0.793700 26 25 0 0 0.969093 0.030907 0.000000 0.000000
v 4.041558 52.681961 -33.752792 -0.712387 0.557511 -0.426247 0.909400 0.777800 26 25 0 0 0.969666 0.030334 0.000000 0.000000
v -0.692143 51.212673 -36.865337 0.221196 -0.928335 0.298774 0.449300 0.940500 26 0 0 0 1.000000 0.000000 0.000000 0.000000
v 1.067396 52.043015 -37.216660 -0.921187 -0.385128 -0.055594 0.735500 0.932500 26 0 0 0 1.000000 0.000000 0.000000 0.000000
v 1.048017 52.109978 -37.085808 -0.943861 -0.330317 -0.004020 0.731900 0.920600 26 0 0 0 1.000000 0.000000 0.000000 0.000000
v 0.881979 52.690018 -35.662300 -0.950604 -0.309920 0.017341 0.735500 0.861100 26 0 0 0 1.000000 0.000000 0.000000 0.000000
v -1.126825 51.693283 -36.423512 -0.925677 -0.321222 0.199847 0.637700 0.900800 26 0 0 0 1.000000 0.000000 0.000000 0.000000
v -1.122524 51.764984 -36.278664 -0.929318 -0.290855 0.227535 0.641300 0.884900 26 0 0 0 1.000000 0.000000 0.000000 0.000000
v -0.836035 52.383778 -34.948135 -0.918993 -0.233454 0.317728 0.659400 0.833300 26 0 0 0 1.000000 0.000000 0.000000 0.000000
v -0.789781 52.451176 -34.809486 -0.905187 -0.261176 0.335297 0.663000 0.817500 26 0 0 0 1.000000 0.000000 0.000000 0.000000
v 0.122112 52.692661 -35.123753 0.910934 0.219640 -0.349224 0.735500 0.845200 26 0 0 0 1.000000 0.000000 0.000000 0.000000
v 0.096231 52.633785 -35.242695 0.917445 0.257458 -0.303331 0.735500 0.853200 26 0 0 0 1.000000 0.000000 0.000000 0.000000
v -0.213306 51.992088 -36.609798 0.897171 0.234179 -0.374491 0.724600 0.916700 26 0 0 0 1.000000 0.000000 0.000000 0.000000
v -0.253142 51.927540 -36.704819 0.889070 0.164553 -0.427174 0.721000 0.924600 26 0 0 0 1.000000 0.000000 0.000000 0.000000
v -0.587018 52.786201 -29.522623 -0.650172 -0.575168 0.496445 0.608700 0.619000 26 25 0 0 0.970052 0.029948 0.000000 0.000000
v -0.587018 52.786201 -29.522623 -0.650172 -0.575168 0.496445 0.615900 0.579400 26 25 0 0 0.970052 0.029948 0.000000 0.000000
v 3.187233 53.711403 -35.315376 0.939180 0.338214 0.059603 0.880400 0.829400 26 0 0 0 1.000000 0.000000 0.000000 0.000000
v -2.322995 51.434399 -35.825047 -0.636916 -0.742125 -0.208778 0.554300 0.912700 26 0 0 0 1.000000 0.000000 0.000000 0.000000
v -1.920966 51.546444 -36.039867 0.404980 -0.481117 -0.777507 0.510900 0.924600 26 0 0 0 1.000000 0.000000 0.000000 0.000000
v -1.084456 52.639938 -34.205223 0.863664 0.155213 -0.479576 0.474600 0.817500 26 0 0 0 1.000000 0.000000 0.000000 0.000000
v -1.002717 52.711735 -34.069672 0.849018 0.094812 -0.519787 0.471000 0.801600 26 0 0 0 1.000000 0.000000 0.000000 0.000000
v 3.353481 53.430252 -30.219442 0.633736 0.545550 0.548410 0.224600 0.615100 26 25 0 0 0.928045 0.071955 0.000000 0.000000
v 3.869127 53.286163 -32.223179 0.388965 0.859938 -0.330475 0.130400 0.603200 26 25 0 0 0.959531 0.040469 0.000000 0.000000
v 2.975251 54.830421 -33.243458 0.497181 0.806254 -0.320571 0.101400 0.555600 26 25 0 0 0.965355 0.034645 0.000000 0.000000
v 1.838910 53.697083 -29.649921 0.033301 0.998713 -0.038260 0.202900 0.507900 26 0 0 0 1.000000 0.000000 0.000000 0.000000
v 2.628989 53.662724 -29.619501 0.352970 0.851541 0.387673 0.257200 0.587300 26 25 0 0 0.880664 0.119336 0.000000 0.000000
v 3.171426 53.762524 -35.195961 0.949428 0.312295 0.032539 0.239100 0.817500 26 0 0 0 1.000000 0.000000 0.000000 0.000000
v 4.574071 52.726158 -32.458633 0.753694 0.638494 0.155790 0.916700 0.702400 26 25 0 0 0.961467 0.038533 0.000000 0.000000
v 0.866438 52.770782 -35.477844 -0.927239 -0.374436 -0.004991 0.735500 0.849200 26 0 0 0 1.000000 0.000000 0.000000 0.000000
v 0.451422 53.808937 -33.759464 -0.243119 0.802409 -0.545007 0.394900 0.777800 26 0 0 0 1.000000 0.000000 0.000000 0.000000
v 1.683629 53.351704 -33.898525 0.493327 -0.865088 0.090843 0.934800 0.825400 26 0 0 0 1.000000 0.000000 0.000000 0.000000
v 2.133185 53.491764 -33.967442 -0.151808 -0.985907 0.070296 0.905800 0.829400 26 0 0 0 1.000000 0.000000 0.000000 0.000000
v 1.632497 54.356262 -33.872780 -0.190608 0.854834 -0.482625 0.891300 0.781700 26 0 0 0 1.000000 0.000000 0.000000 0.000000
v 0.362628 52.821896 -33.708794 0.459466 -0.886611 0.053025 0.931200 0.829400 26 0 0 0 1.000000 0.000000 0.000000 0.000000
v 0.935489 53.085976 -33.861195 -0.076834 -0.986794 0.142599 0.905800 0.829400 26 0 0 0 1.000000 0.000000 0.000000 0.000000
v 0.451422 53.808937 -33.759464 -0.243119 0.802409 -0.545007 0.891300 0.781700 26 0 0 0 1.000000 0.000000 0.000000 0.000000
v -0.733701 52.567562 -32.992298 0.344033 -0.938759 -0.019314 0.934800 0.825400 26 0 0 0 1.000000 0.000000 0.000000 0.000000
v -0.251346 52.737362 -33.355232 -0.211432 -0.957362 0.196860 0.902200 0.833300 26 0 0 0 1.000000 0.000000 0.000000 0.000000
v -0.543630 53.683903 -33.119877 -0.300593 0.833929 -0.462825 0.891300 0.781700 26 0 0 0 1.000000 0.000000 0.000000 0.000000
v 3.869127 53.286163 -32.223179 0.388965 0.859938 -0.330475 0.123200 0.607100 26 25 0 0 0.959531 0.040469 0.000000 0.000000
v 4.574071 52.726158 -32.458633 0.753694 0.638494 0.155790 0.141300 0.646800 26 25 0 0 0.961467 0.038533 0.000000 0.000000
v 5.271700 52.452881 -34.520882 0.664106 0.654779 -0.360870 0.989100 0.793700 26 25 0 0 0.968098 0.031902 0.000000 0.000000
v 0.451422 53.808937 -33.759464 -0.243119 0.802409 -0.545007 0.746400 0.773800 26 0 0 0 1.000000 0.000000 0.000000 0.000000
v -0.157633 52.931549 -35.266956 0.117204 0.877047 -0.465889 0.706500 0.845200 26 0 0 0 1.000000 0.000000 0.000000 0.000000
v 5.695622 60.921101 0.434917 0.950673 -0.278496 0.136603 0.785200 0.927700 5 6 0 0 0.656525 0.343475 0.000000 0.000000
v 5.765003 61.751839 0.782517 0.275222 -0.039588 0.960565 0.781300 0.951200 5 6 0 0 0.656522 0.343478 0.000000 0.000000
v 5.610839 61.764565 0.837225 -0.392188 -0.005806 0.919867 0.779300 0.953100 5 6 0 0 0.656518 0.343482 0.000000 0.000000
v 5.570066 62.259731 0.657257 0.368233 0.353586 0.859873 0.783161 0.966478 5 6 0 0 0.656497 0.343503 0.000000 0.000000
v 5.567260 62.255730 0.659927 -0.483248 0.259035 0.836285 0.783087 0.966401 5 6 0 0 0.656505 0.343495 0.000000 0.000000
v 5.733739 62.214462 0.599444 0.328975 0.777314 0.536245 0.783200 0.964800 5 6 0 0 0.656533 0.343467 0.000000 0.000000
v 5.575238 62.267345 0.651561 0.419263 0.742925 0.521805 0.783200 0.966689 5 6 0 0 0.656547 0.343453 0.000000 0.000000
v 5.590413 62.375401 -0.884541 -0.414936 0.746198 -0.520593 0.806600 0.968800 5 6 0 0 0.656519 0.343481 0.000000 0.000000
v 5.566844 62.274277 0.598592 -0.557684 0.828689 0.047575 0.784052 0.966873 5 6 0 0 0.656539 0.343461 0.000000 0.000000
v 5.755086 62.326710 -0.828024 0.965273 0.223972 -0.134481 0.804700 0.966800 5 6 0 0 0.656520 0.343480 0.000000 0.000000
v 5.591127 61.755394 -1.102349 -0.426279 0.052351 -0.903076 0.808600 0.951200 5 6 0 0 0.656522 0.343478 0.000000 0.000000
v 5.751721 61.748142 -1.034863 0.337190 0.023808 -0.941135 0.808600 0.951200 5 6 0 0 0.656523 0.343477 0.000000 0.000000
v 5.526221 60.958096 -0.890747 -0.460955 -0.668497 -0.583637 0.804700 0.927700 5 6 0 0 0.656526 0.343474 0.000000 0.000000
v 5.706884 61.009525 -0.831158 0.951932 -0.260148 -0.161706 0.804700 0.929700 5 6 0 0 0.656525 0.343475 0.000000 0.000000
v 5.529475 60.854332 0.466916 -0.450764 -0.762757 0.463695 0.785200 0.925800 5 6 0 0 0.656525 0.343475 0.000000 0.000000
v 5.723624 61.762836 1.643732 0.420830 0.023863 -0.906826 0.767600 0.953100 6 5 0 0 0.903928 0.096072 0.000000 0.000000
v 5.635233 60.904903 1.944237 0.959773 -0.271871 -0.070151 0.763700 0.929700 6 5 0 0 0.903963 0.096037 0.000000 0.000000
v 5.576393 61.727230 1.584657 0.407009 -0.341388 -0.847230 0.769221 0.951975 6 5 0 0 0.903809 0.096191 0.000000 0.000000
v 5.591031 61.768047 1.575555 0.457923 0.025760 -0.888618 0.769277 0.953100 6 5 0 0 0.903803 0.096197 0.000000 0.000000
v 5.472498 60.840065 1.895232 -0.409411 -0.740804 -0.532534 0.763700 0.927700 6 5 0 0 0.903936 0.096064 0.000000 0.000000
v 5.565901 61.699535 1.590999 -0.442294 -0.256144 -0.859515 0.769068 0.951207 6 5 0 0 0.903807 0.096193 0.000000 0.000000
v 5.528726 60.933666 3.239555 0.933723 -0.274984 0.229227 0.744100 0.931600 6 5 0 0 0.904187 0.095813 0.000000 0.000000
v 5.353664 60.878216 3.281600 -0.496179 -0.703354 0.509018 0.744100 0.929700 6 5 0 0 0.904181 0.095819 0.000000 0.000000
v 5.564767 61.659912 3.481755 0.289052 -0.032763 0.956753 0.740200 0.951200 6 5 0 0 0.904302 0.095698 0.000000 0.000000
v 5.388558 61.665703 3.545517 -0.498882 -0.000904 0.866670 0.740200 0.951200 6 5 0 0 0.904312 0.095688 0.000000 0.000000
v 5.583810 62.247559 3.313946 0.951176 0.211431 0.224857 0.744100 0.968800 6 5 0 0 0.904396 0.095604 0.000000 0.000000
v 5.404903 62.295414 3.358303 -0.468553 0.717561 0.515329 0.742200 0.968800 6 5 0 0 0.904434 0.095566 0.000000 0.000000
v 5.676050 62.216228 1.845426 0.386114 0.802611 -0.454677 0.765600 0.964800 6 5 0 0 0.904368 0.095632 0.000000 0.000000
v 5.536337 62.265984 1.981270 0.346448 0.937979 0.013031 0.762783 0.966685 6 5 0 0 0.904741 0.095259 0.000000 0.000000
v 5.499690 62.277924 2.095929 -0.552747 0.831662 -0.052992 0.760910 0.967201 6 5 0 0 0.904263 0.095737 0.000000 0.000000
v 5.543685 62.265942 1.788219 0.475645 0.763108 -0.437525 0.765600 0.966535 6 5 0 0 0.903701 0.096299 0.000000 0.000000
v 5.539016 62.233833 1.768919 0.459925 0.392080 -0.796707 0.765756 0.965735 6 5 0 0 0.903613 0.096387 0.000000 0.000000
v 5.670135 61.883835 -1.014750 0.197836 -0.918766 -0.341659 0.005900 0.986300 6 5 21 27 0.605083 0.325346 0.061674 0.007897
v 2.798465 62.025383 -1.485034 0.166644 0.135474 -0.976666 0.020960 0.864124 6 5 0 0 0.968661 0.031339 0.000000 0.000000
v 2.902060 62.117680 -1.428319 0.002182 0.965618 -0.259956 0.029930 0.868823 6 5 0 0 0.960041 0.039959 0.000000 0.000000
v 5.643549 62.263557 -0.864683 0.031574 0.883440 -0.467478 0.043000 0.986300 6 5 21 27 0.600790 0.328388 0.062295 0.008527
v 2.798465 62.025383 -1.485034 0.166628 0.135503 -0.976665 0.020960 0.864124 6 5 0 0 0.968661 0.031339 0.000000 0.000000
v 3.142987 61.766850 -1.401651 0.090410 -0.948269 -0.304322 0.005900 0.878103 6 5 0 0 0.929790 0.070210 0.000000 0.000000
v 1.975066 61.712791 -1.580457 -0.023629 -0.970987 -0.237960 0.005900 0.828100 6 0 0 0 1.000000 0.000000 0.000000 0.000000
v 1.951743 62.067116 -1.623699 0.011436 0.816226 -0.577619 0.025400 0.828100 6 0 0 0 1.000000 0.000000 0.000000 0.000000
v 3.777267 62.112370 -1.089074 -0.083845 0.996260 0.020884 0.034004 0.905434 6 5 21 0 0.838657 0.158580 0.002763 0.000000
v 3.781059 62.112606 -1.085563 -0.223006 0.562421 0.796210 0.034019 0.905577 6 5 21 0 0.838028 0.159025 0.002947 0.000000
v 5.676571 62.262218 -0.660338 -0.197545 0.264763 0.943862 0.043000 0.986300 6 5 21 27 0.599856 0.329046 0.062430 0.008668
v 3.758148 62.111038 -1.102816 -0.083024 0.996367 0.018976 0.033920 0.904687 6 5 21 0 0.841654 0.156458 0.001887 0.000000
v 3.384710 62.082855 -1.250589 -0.130809 0.935716 0.327603 0.032202 0.889241 6 5 0 0 0.879352 0.120648 0.000000 0.000000
v 2.902060 62.117680 -1.428319 0.002049 0.965561 -0.260168 0.029930 0.868823 6 5 0 0 0.960041 0.039959 0.000000 0.000000
v 1.961792 61.969025 -1.493684 -0.212922 0.306758 0.927666 0.025400 0.828100 6 0 0 0 1.000000 0.000000 0.000000 0.000000
v 5.474816 61.798267 3.460982 0.154819 -0.947832 0.278649 0.005900 0.986300 6 5 0 0 0.912332 0.087668 0.000000 0.000000
v 5.460172 62.184780 3.327533 0.012421 0.857207 0.514822 0.043000 0.986300 6 5 0 0 0.912416 0.087584 0.000000 0.000000
v 3.492910 62.047649 3.536965 0.044901 0.588612 0.807168 0.033681 0.902532 6 5 0 0 0.896237 0.103763 0.000000 0.000000
v 3.274111 61.873508 3.615610 0.072435 0.074122 0.994615 0.017405 0.892959 6 5 0 0 0.886438 0.113562 0.000000 0.000000
v 3.535273 62.057026 3.523935 0.008399 0.798322 0.602172 0.033884 0.904363 6 5 0 0 0.897262 0.102738 0.000000 0.000000
v 3.669548 62.107430 3.455153 -0.017470 0.944714 0.327429 0.034540 0.910259 6 5 0 0 0.899059 0.100941 0.000000 0.000000
v 3.569557 62.063049 3.515453 0.008359 0.799048 0.601209 0.034049 0.905839 6 5 0 0 0.897646 0.102354 0.000000 0.000000
v 5.519896 62.191307 3.137367 -0.068468 0.280149 -0.957512 0.043000 0.986300 6 5 0 0 0.912715 0.087285 0.000000 0.000000
v 3.881860 62.118843 3.334568 -0.119497 0.643351 -0.756188 0.035383 0.917836 6 5 0 0 0.900803 0.099197 0.000000 0.000000
v 3.875356 62.089718 3.340850 -0.109313 -0.186206 -0.976411 0.033931 0.917487 6 5 0 0 0.900119 0.099881 0.000000 0.000000
v 3.738937 61.987843 3.375551 -0.109312 -0.186205 -0.976411 0.028570 0.911526 6 5 0 0 0.895765 0.104235 0.000000 0.000000
v 3.726896 61.922245 3.389409 -0.063377 -0.424004 -0.903440 0.025305 0.910847 6 5 0 0 0.894810 0.105190 0.000000 0.000000
v 3.455797 61.705242 3.572327 0.058183 -0.967576 0.245787 0.005900 0.900305 6 5 0 0 0.883604 0.116396 0.000000 0.000000
v 3.632851 61.818165 3.476511 -0.013370 -0.634630 -0.772701 0.015842 0.907331 6 5 0 0 0.889944 0.110056 0.000000 0.000000
v 3.446288 61.735123 3.578560 0.062591 -0.184672 0.980805 0.007875 0.899967 6 5 0 0 0.884976 0.115024 0.000000 0.000000
v 5.565582 62.256065 0.652709 -0.993194 0.010193 0.116024 0.783220 0.966384 5 6 0 0 0.656510 0.343490 0.000000 0.000000
v 5.565622 62.259521 0.641739 -0.999370 0.035230 -0.004259 0.783379 0.966474 5 6 0 0 0.656519 0.343481 0.000000 0.000000
v 5.514527 62.200203 1.858431 -0.996145 0.034266 -0.080754 0.764470 0.964850 6 5 0 0 0.903221 0.096779 0.000000 0.000000
v 5.520048 62.177818 1.787205 -0.984698 0.021027 -0.172996 0.765473 0.964189 6 5 0 0 0.903436 0.096564 0.000000 0.000000
v 5.499690 62.277924 2.095929 -0.552878 0.831578 -0.052953 0.760910 0.967201 6 5 0 0 0.904263 0.095737 0.000000 0.000000
v 5.523449 62.273540 1.779475 -0.382238 0.747803 -0.542849 0.765600 0.966800 6 5 0 0 0.903587 0.096413 0.000000 0.000000
v 5.571086 61.796112 1.578251 0.239179 0.397155 -0.886037 0.769284 0.953830 6 5 0 0 0.903776 0.096224 0.000000 0.000000
v 5.532063 62.186565 1.742779 -0.421806 0.316686 -0.849582 0.766272 0.964439 6 5 0 0 0.903555 0.096445 0.000000 0.000000
v 5.571086 61.796112 1.578251 0.239179 0.397155 -0.886037 0.769284 0.953860 6 5 0 0 0.903776 0.096224 0.000000 0.000000
v 5.529343 62.172539 1.752203 -0.965876 0.013445 -0.258654 0.766104 0.964055 6 5 0 0 0.903536 0.096464 0.000000 0.000000
v 3.726896 61.922245 3.389409 -0.063348 -0.423934 -0.903475 0.025305 0.910847 6 5 0 0 0.894810 0.105190 0.000000 0.000000
v 1.760562 61.627144 3.665814 -0.095590 -0.994644 0.039325 0.005900 0.828100 6 5 0 0 0.868302 0.131698 0.000000 0.000000
v 1.734865 62.023876 3.593040 -0.135072 0.864158 -0.484754 0.025400 0.828100 6 5 0 0 0.867104 0.132896 0.000000 0.000000
v 3.881860 62.118843 3.334568 -0.119394 0.643399 -0.756163 0.035383 0.917836 6 5 0 0 0.900803 0.099197 0.000000 0.000000
v 3.875356 62.089718 3.340850 -0.109290 -0.186161 -0.976422 0.033931 0.917487 6 5 0 0 0.900119 0.099881 0.000000 0.000000
v 3.632851 61.818165 3.476511 -0.013383 -0.634592 -0.772731 0.015842 0.907331 6 5 0 0 0.889944 0.110056 0.000000 0.000000
v 3.455797 61.705242 3.572327 0.058142 -0.967574 0.245803 0.005900 0.900305 6 5 0 0 0.883604 0.116396 0.000000 0.000000
v 5.573421 61.768742 1.566501 -0.315863 0.034843 -0.948165 0.769500 0.953100 6 5 0 0 0.903793 0.096207 0.000000 0.000000
v 3.142987 61.766850 -1.401651 0.090367 -0.948298 -0.304244 0.005900 0.878103 6 5 0 0 0.929790 0.070210 0.000000 0.000000
v 3.778759 62.106106 -1.088282 -0.182613 -0.323895 0.928302 0.033528 0.905465 6 5 21 0 0.838363 0.158789 0.002848 0.000000
v 3.697996 61.968464 -1.152269 -0.086821 -0.665750 0.741107 0.023177 0.901744 6 5 0 0 0.849238 0.150762 0.000000 0.000000
v 3.697996 61.968464 -1.152269 -0.086821 -0.665750 0.741107 0.023142 0.901722 6 5 0 0 0.849238 0.150762 0.000000 0.000000
v 3.697996 61.968464 -1.152269 -0.086821 -0.665750 0.741107 0.023170 0.901741 6 5 0 0 0.849238 0.150762 0.000000 0.000000
v 1.744915 61.925785 3.723056 0.042920 0.366136 0.929571 0.025400 0.828100 6 5 0 0 0.867848 0.132152 0.000000 0.000000
v 3.492910 62.047649 3.536965 0.044815 0.588593 0.807187 0.033681 0.902532 6 5 0 0 0.896237 0.103763 0.000000 0.000000
v 3.274111 61.873508 3.615610 0.072448 0.074104 0.994615 0.017405 0.892959 6 5 0 0 0.886438 0.113562 0.000000 0.000000
v 3.446288 61.735123 3.578560 0.062579 -0.184624 0.980815 0.007875 0.899967 6 5 0 0 0.884976 0.115024 0.000000 0.000000
v 5.565953 62.270451 0.654614 -0.437879 0.715367 0.544529 0.783200 0.966800 5 6 0 0 0.656535 0.343465 0.000000 0.000000
v -1.702562 7.688560 -10.047149 0.285853 -0.231507 -0.929888 0.525400 0.962900 12 11 0 0 0.876028 0.123972 0.000000 0.000000
v -4.955693 7.075302 -7.079360 -0.951819 -0.306391 -0.012829 0.482400 0.970700 12 11 0 0 0.808390 0.191610 0.000000 0.000000
v -1.222279 12.043520 -10.294067 -0.757032 0.172485 -0.630200 0.529300 0.906300 11 12 0 0 0.766787 0.233213 0.000000 0.000000
v -0.396625 20.395643 -8.343278 -0.686348 0.131097 -0.715360 0.503900 0.798800 11 10 0 0 0.900012 0.099988 0.000000 0.000000
v -3.657248 16.633041 -6.101917 -0.989293 0.143287 -0.027728 0.472700 0.843800 11 12 10 0 0.832209 0.101077 0.066714 0.000000
v -2.983584 20.903421 -5.758013 -0.988981 -0.018870 -0.146838 0.468800 0.789100 10 11 0 0 0.738880 0.261120 0.000000 0.000000
v -0.619498 19.085766 -2.861583 -0.776537 -0.091006 0.623464 0.431600 0.808600 11 10 0 0 0.897125 0.102875 0.000000 0.000000
v -3.878981 25.613974 -4.441831 -0.968904 -0.179812 -0.169981 0.453100 0.724600 10 8 9 11 0.793822 0.091652 0.069044 0.045482
v -3.935808 30.496714 -0.644475 -0.952082 -0.301042 0.053984 0.406300 0.660200 8 9 10 0 0.895300 0.052386 0.052314 0.000000
v -4.637247 31.369873 -4.232472 -0.889729 -0.089951 -0.447540 0.449200 0.642600 9 8 10 0 0.750477 0.153943 0.064438 0.031142
v -5.248787 33.328640 -3.951588 -0.834755 -0.073158 -0.545740 0.445300 0.615200 9 8 0 7 0.642929 0.161839 0.100698 0.094534
v -0.578377 36.492947 -5.628459 -0.486614 0.169933 -0.856930 0.476600 0.580100 7 9 0 0 0.912658 0.058704 0.028638 0.000000
v -5.300023 37.572426 -2.885165 -0.863118 0.196899 -0.465035 0.435500 0.562500 0 7 1 9 0.657913 0.127090 0.109199 0.105798
v -4.203688 40.211464 -3.039757 -0.857083 0.356749 -0.371669 0.443400 0.533200 1 0 2 7 0.426835 0.218117 0.212215 0.142832
v -5.398488 37.921783 0.295799 -0.545144 0.729282 0.413480 0.396500 0.560500 0 8 7 15 0.751140 0.119610 0.087921 0.041328
v -4.500398 39.901752 3.963670 -0.900462 0.320794 0.293699 0.349600 0.533200 8 0 2 15 0.476008 0.230597 0.213278 0.080118
v -5.567857 37.420109 3.473691 -0.899378 0.189921 0.393763 0.357400 0.560500 0 15 8 2 0.575547 0.195227 0.164667 0.064558
v -1.094702 36.106850 6.570704 -0.542419 0.126304 0.830559 0.314500 0.582000 15 8 0 0 0.801043 0.172236 0.026720 0.000000
v -5.721895 33.333683 4.329546 -0.875550 -0.095587 0.473577 0.345700 0.615200 15 0 7 8 0.719473 0.119067 0.101674 0.059786
v -5.007689 31.163429 4.563509 -0.916907 -0.125430 0.378879 0.341800 0.644500 15 16 7 0 0.794415 0.089278 0.076768 0.039539
v -4.008217 30.501453 1.004698 -0.920478 -0.332954 -0.204601 0.384800 0.658200 7 15 16 8 0.387372 0.217485 0.204698 0.190444
v -4.258519 25.403772 4.570569 -0.979185 -0.181582 0.090687 0.335900 0.724600 16 15 17 7 0.814023 0.097103 0.056150 0.032724
v -0.864213 18.967810 2.835303 -0.708307 -0.066702 -0.702746 0.359400 0.810500 17 16 0 0 0.898994 0.101006 0.000000 0.000000
v -3.467423 20.633904 5.730695 -0.994466 -0.019940 0.103154 0.318400 0.787100 16 17 0 0 0.673744 0.326256 0.000000 0.000000
v -4.151470 16.308838 5.787261 -0.989356 0.144957 -0.012730 0.316400 0.843800 17 18 16 0 0.820600 0.111693 0.067707 0.000000
v -1.119092 19.664436 8.239079 -0.727804 0.090476 0.679791 0.285200 0.794900 17 16 0 0 0.918248 0.081752 0.000000 0.000000
v -5.520810 6.675102 6.167968 -0.947616 -0.308837 -0.081509 0.308600 0.970700 18 17 0 0 0.788477 0.211523 0.000000 0.000000
v -2.070767 11.475641 9.919239 -0.810862 0.157244 0.563717 0.261700 0.906300 17 18 0 0 0.768992 0.231008 0.000000 0.000000
v -2.530255 7.140543 9.434628 0.207044 -0.277916 0.938028 0.267600 0.962900 18 17 0 0 0.870184 0.129816 0.000000 0.000000
v -0.602957 39.390984 -5.191350 0.370319 -0.074899 -0.925880 0.226600 0.984400 7 2 1 0 0.743328 0.112358 0.106527 0.037786
v 3.706169 37.907391 -1.472818 0.883980 0.229796 -0.407153 0.177700 0.966800 1 0 0 0 0.529409 0.470591 0.000000 0.000000
v 3.167629 35.439560 -4.222775 0.773985 0.239788 -0.586045 0.214800 0.929700 7 0 9 1 0.755818 0.118910 0.063398 0.061874
v 3.775324 34.388481 -0.729867 0.998667 -0.044431 0.026275 0.166000 0.918000 0 8 7 1 0.548393 0.241720 0.137994 0.071893
v 3.610108 34.317001 2.029999 0.996830 -0.048087 0.063381 0.128900 0.918000 8 0 15 1 0.810375 0.105422 0.049560 0.034643
v 2.454817 30.704165 0.453591 0.308880 -0.424663 -0.851031 0.148400 0.867200 8 15 9 7 0.755601 0.094828 0.090578 0.058994
v 3.689326 26.959633 3.104454 0.923114 -0.203152 -0.326481 0.111300 0.816400 15 16 8 17 0.551001 0.219251 0.176663 0.053085
v -0.864213 18.967810 2.835303 -0.708307 -0.066702 -0.702746 0.109400 0.703100 17 16 0 0 0.898994 0.101006 0.000000 0.000000
v 2.261065 21.562351 4.439847 0.898333 -0.205896 -0.388078 0.089800 0.740200 16 17 15 0 0.684135 0.250153 0.065712 0.000000
v 2.258880 19.497080 4.455544 0.852341 -0.207225 -0.480180 0.087900 0.712900 17 16 0 0 0.814494 0.185506 0.000000 0.000000
v 2.173607 21.862480 7.077513 0.777926 -0.041537 0.626981 0.052700 0.746100 16 17 0 0 0.838221 0.161779 0.000000 0.000000
v 2.147885 19.960251 7.440897 0.754023 -0.087185 0.651036 0.046900 0.720700 17 16 0 0 0.781033 0.218967 0.000000 0.000000
v -1.119092 19.664436 8.239079 -0.727804 0.090476 0.679791 0.035200 0.714800 17 16 0 0 0.918248 0.081752 0.000000 0.000000
v 1.391848 17.632227 7.067889 0.823934 -0.087108 0.559951 0.050800 0.687500 17 0 0 0 1.000000 0.000000 0.000000 0.000000
v 1.938439 7.127829 8.323834 0.758600 -0.315787 0.569916 0.031300 0.541000 18 17 0 0 0.923319 0.076681 0.000000 0.000000
v 1.467064 17.357159 5.141777 0.913722 -0.159212 -0.373849 0.078100 0.681600 17 0 0 0 1.000000 0.000000 0.000000 0.000000
v 1.917940 6.449681 5.194534 0.752872 -0.470617 -0.460113 0.074200 0.531300 18 17 0 0 0.916196 0.083804 0.000000 0.000000
v -0.266874 10.799978 3.239063 0.621671 -0.066848 -0.780421 0.101600 0.589800 17 18 0 0 0.712419 0.287581 0.000000 0.000000
v -2.664284 6.468987 4.175330 -0.594777 -0.279212 -0.753844 0.085900 0.529300 18 17 0 0 0.819500 0.180500 0.000000 0.000000
v -0.651284 30.016096 -7.535201 -0.641162 0.080170 -0.763206 0.257800 0.853500 9 10 7 0 0.920514 0.050881 0.028605 0.000000
v 3.807775 28.007786 -5.979153 0.817991 0.040068 -0.573833 0.236300 0.826200 9 10 8 7 0.839659 0.114783 0.030171 0.015387
v -0.622009 23.986130 -7.821108 0.361441 0.083398 -0.928658 0.259800 0.769500 10 11 9 0 0.878280 0.078030 0.043689 0.000000
v 2.792079 22.431709 -6.574161 0.831271 -0.001405 -0.555865 0.242200 0.750000 10 11 9 0 0.822808 0.113431 0.063761 0.000000
v 3.914818 27.083643 -2.250252 0.891251 -0.223172 0.394798 0.185500 0.816400 9 8 10 11 0.614598 0.195268 0.125198 0.064937
v 2.646837 21.747234 -3.649407 0.822855 -0.239177 0.515465 0.201200 0.742200 10 11 9 8 0.591562 0.301150 0.102002 0.005285
v -0.619498 19.085766 -2.861583 -0.776537 -0.091006 0.623464 0.187500 0.703100 11 10 0 0 0.897125 0.102875 0.000000 0.000000
v 2.632563 19.606470 -4.075900 0.801887 -0.298629 0.517491 0.207000 0.710900 11 10 9 0 0.747052 0.224749 0.028199 0.000000
v 1.898164 17.635452 -5.050232 0.882589 -0.193644 0.428414 0.218800 0.683600 11 10 0 0 0.973882 0.026118 0.000000 0.000000
v 2.770658 20.284506 -7.032876 0.826661 -0.080728 -0.556880 0.248000 0.720700 10 11 0 0 0.653022 0.346978 0.000000 0.000000
v 1.983952 18.114481 -6.952253 0.870500 -0.069202 -0.487278 0.246100 0.689500 11 10 12 0 0.910081 0.059795 0.030124 0.000000
v -0.396625 20.395643 -8.343278 -0.686348 0.131097 -0.715360 0.265600 0.720700 11 10 0 0 0.900012 0.099988 0.000000 0.000000
v 2.647301 7.616359 -8.576900 0.803500 -0.291263 -0.519186 0.265600 0.543000 12 11 0 0 0.888711 0.111289 0.000000 0.000000
v -1.222279 12.043520 -10.294067 -0.757032 0.172485 -0.630200 0.289100 0.603500 11 12 0 0 0.766787 0.233213 0.000000 0.000000
v -1.702562 7.688560 -10.047149 0.285853 -0.231507 -0.929888 0.283200 0.543000 12 11 0 0 0.876028 0.123972 0.000000 0.000000
v 4.197290 65.570755 3.402185 0.691354 -0.220042 0.688195 0.550800 0.980500 6 0 0 0 1.000000 0.000000 0.000000 0.000000
v 5.528630 65.125900 1.397439 0.985081 -0.163172 0.054688 0.625000 0.962900 6 5 0 0 0.974053 0.025947 0.000000 0.000000
v 5.068628 66.189522 1.342645 0.177854 0.983154 0.042138 0.627000 0.990200 6 0 0 0 1.000000 0.000000 0.000000 0.000000
v 4.375989 65.672386 -0.840427 0.766755 -0.224702 -0.601329 0.705100 0.980500 6 0 0 0 1.000000 0.000000 0.000000 0.000000
v 4.558568 64.813080 -0.305256 0.733847 -0.107127 -0.670814 0.683600 0.949200 6 5 0 0 0.970610 0.029390 0.000000 0.000000
v 3.289807 64.364204 -1.100201 0.551022 -0.032617 -0.833853 0.710900 0.931600 6 5 0 0 0.965923 0.034077 0.000000 0.000000
v 5.411159 64.231270 0.366276 0.890330 0.368116 -0.267961 0.660200 0.929700 6 5 0 0 0.959514 0.040486 0.000000 0.000000
v 5.639010 62.475716 0.212030 0.879971 -0.188499 -0.436027 0.666000 0.863300 6 5 0 0 0.922708 0.077292 0.000000 0.000000
v 5.548168 62.424057 2.368775 0.861151 0.167574 0.479935 0.585900 0.863300 6 5 0 0 0.910604 0.089396 0.000000 0.000000
v 5.499690 62.277924 2.095929 0.930800 -0.344480 0.122249 0.595106 0.858803 6 5 0 0 0.904263 0.095737 0.000000 0.000000
v 5.536337 62.265984 1.981270 0.966118 -0.247957 0.071652 0.599481 0.858442 6 5 0 0 0.904741 0.095259 0.000000 0.000000
v 5.548168 62.424057 2.368775 0.861151 0.167574 0.479935 0.585091 0.864707 6 5 0 0 0.910604 0.089396 0.000000 0.000000
v 5.517056 61.736027 2.741627 0.571092 -0.056843 0.818916 0.607332 0.838331 6 5 0 0 0.892426 0.107574 0.000000 0.000000
v 5.514527 62.200203 1.858431 0.999350 0.014879 0.032842 0.603990 0.855785 6 5 0 0 0.903221 0.096779 0.000000 0.000000
v 5.523413 62.093311 1.558012 0.994761 0.001526 0.102218 0.615200 0.851600 6 5 0 0 0.898776 0.101224 0.000000 0.000000
v 5.536337 62.265984 1.981270 0.966118 -0.247957 0.071652 0.599904 0.857708 6 5 0 0 0.904741 0.095259 0.000000 0.000000
v 5.541351 62.249889 1.778569 0.984275 -0.171627 0.041793 0.607063 0.857552 6 5 0 0 0.905204 0.094796 0.000000 0.000000
v 5.528377 62.180874 1.756244 0.908797 -0.389598 0.149333 0.607838 0.855029 6 5 0 0 0.902953 0.097047 0.000000 0.000000
v 5.517056 61.736027 2.741627 0.571092 -0.056843 0.818916 0.609400 0.839800 6 5 0 0 0.892426 0.107574 0.000000 0.000000
v 5.401522 59.812710 1.437353 0.978433 -0.122324 0.166450 0.603500 0.767600 6 5 0 0 0.768432 0.231568 0.000000 0.000000
v 4.601207 61.764038 2.637858 0.460410 -0.224342 0.858891 0.576200 0.839800 6 5 0 0 0.885248 0.114752 0.000000 0.000000
v 4.256927 59.471863 3.055619 0.498798 -0.242593 0.832075 0.558600 0.755900 6 5 0 0 0.727635 0.272365 0.000000 0.000000
v 3.738937 61.987843 3.375551 0.596915 -0.189323 0.779647 0.551544 0.848047 6 5 0 0 0.895765 0.104235 0.000000 0.000000
v 3.726896 61.922245 3.389409 0.653978 0.040228 0.755443 0.550976 0.845646 6 5 0 0 0.894810 0.105190 0.000000 0.000000
v 3.632851 61.818165 3.476511 0.496023 -0.016384 0.868155 0.547869 0.841841 6 5 0 0 0.889944 0.110056 0.000000 0.000000
v 3.526997 39.578629 -3.196067 0.903226 0.036138 -0.427640 0.564500 0.216800 1 2 0 7 0.649158 0.151070 0.108531 0.091242
v 4.531840 39.055386 -0.933422 0.954707 -0.232792 -0.185320 0.521500 0.209000 1 0 2 0 0.889158 0.062710 0.048132 0.000000
v 3.706169 37.907391 -1.472818 0.883980 0.229796 -0.407153 0.529300 0.185500 1 0 0 0 0.529409 0.470591 0.000000 0.000000
v 4.390670 38.975109 2.418141 0.936217 -0.243473 0.253412 0.457000 0.209000 1 8 2 0 0.554938 0.280171 0.164891 0.000000
v 4.325749 42.371845 -0.913408 0.963552 -0.084810 -0.253724 0.521500 0.271500 2 1 3 0 0.693969 0.153662 0.152368 0.000000
v 4.180317 42.289139 2.539411 0.939495 -0.099739 0.327722 0.455100 0.271500 2 34 1 8 0.771709 0.088757 0.083437 0.056098
v 5.291074 47.114498 -1.297161 0.981939 -0.092605 -0.164987 0.533200 0.363300 3 2 33 34 0.759180 0.091870 0.090959 0.057991
v 5.099154 47.005356 3.259344 0.965268 -0.103366 0.239944 0.445300 0.363300 34 2 3 28 0.705089 0.155963 0.099672 0.039276
v 4.771927 52.164547 -1.512689 0.955916 0.278421 -0.093309 0.539100 0.459000 4 21 33 3 0.538830 0.257635 0.127511 0.076023
v 4.553565 52.040363 3.671601 0.944970 0.272264 0.181395 0.439500 0.460900 34 21 27 28 0.720175 0.115444 0.115385 0.048996
v 4.024870 53.763317 1.061925 0.874547 0.482678 0.046784 0.488300 0.492200 21 27 34 4 0.719805 0.096845 0.096795 0.086555
v 3.200634 54.355415 4.696269 0.721296 0.616289 0.316101 0.419900 0.503900 27 28 34 21 0.703044 0.130898 0.122886 0.043172
v 2.612365 55.596767 2.071431 0.832164 0.471792 0.291402 0.468800 0.527300 27 21 5 4 0.679972 0.151251 0.085239 0.083538
v 3.774291 62.124790 -1.090650 0.608847 0.047115 -0.791887 0.709000 0.849600 6 5 0 0 0.924478 0.075522 0.000000 0.000000
v 4.787645 61.859730 -0.183663 0.748352 -0.223792 -0.624409 0.677700 0.839800 6 5 0 0 0.907527 0.092473 0.000000 0.000000
v 5.206511 61.808262 0.786785 0.818531 -0.338141 -0.464401 0.642600 0.839800 6 5 0 0 0.890622 0.109378 0.000000 0.000000
v 5.401522 59.812710 1.437353 0.978433 -0.122324 0.166450 0.650400 0.767600 6 5 0 0 0.768432 0.231568 0.000000 0.000000
v 5.544311 62.105198 1.061859 0.963426 -0.166341 -0.210099 0.634800 0.851600 6 5 0 0 0.900901 0.099099 0.000000 0.000000
v 6.166860 60.537296 1.020076 0.610097 0.098509 -0.786179 0.634800 0.793000 6 5 0 0 0.816468 0.183532 0.000000 0.000000
v 6.142328 60.514534 1.556412 0.674076 0.092975 0.732787 0.615200 0.793000 6 5 0 0 0.816960 0.183040 0.000000 0.000000
v 6.144933 59.937576 1.481806 0.601070 -0.552770 0.577201 0.617200 0.771500 6 5 0 0 0.799704 0.200296 0.000000 0.000000
v -3.133271 55.091808 -5.231895 -0.720923 0.683219 -0.116107 0.003900 0.308600 21 22 33 4 0.686758 0.230140 0.045388 0.037714
v -3.064331 54.557396 -9.074589 -0.792574 0.598739 -0.115486 0.068400 0.293000 22 23 21 0 0.889498 0.072814 0.037688 0.000000
v -3.606332 52.773239 -6.770591 -0.972843 -0.029151 -0.229621 0.023400 0.269500 22 33 21 0 0.764282 0.132933 0.102784 0.000000
v -3.557551 52.784374 -8.781999 -0.939306 -0.297798 -0.170354 0.058600 0.263700 22 23 33 21 0.933275 0.043489 0.017518 0.005718
v -1.689654 54.601330 -16.377464 -0.995502 0.045220 -0.083249 0.195300 0.267600 23 24 0 0 0.866302 0.133698 0.000000 0.000000
v -1.744624 53.151821 -16.098244 -0.870816 -0.476569 -0.120672 0.187500 0.242200 23 24 22 0 0.856488 0.117139 0.026373 0.000000
v -1.814610 53.285183 -18.870392 -0.858507 -0.456067 -0.234454 0.236300 0.238300 24 23 0 0 0.847697 0.152303 0.000000 0.000000
v 0.896731 51.343315 -17.686481 0.611489 -0.789043 -0.059094 0.210900 0.197300 24 23 0 0 0.932462 0.067538 0.000000 0.000000
v -1.472003 53.457443 -19.626936 -0.867083 -0.424917 -0.260023 0.250000 0.238300 24 23 25 0 0.912053 0.046727 0.041220 0.000000
v 0.692237 52.448597 -28.654060 -0.498338 -0.447379 -0.742638 0.404300 0.189500 25 26 0 0 0.930170 0.069830 0.000000 0.000000
v -0.823507 54.573196 -28.507055 -0.771920 -0.482422 -0.414015 0.406300 0.232400 25 26 24 0 0.852330 0.120844 0.026826 0.000000
v 2.547908 53.893990 -5.542363 0.790893 0.587882 -0.169951 0.011700 0.015600 21 22 33 0 0.808654 0.137865 0.053481 0.000000
v 2.668596 54.294117 -7.620996 0.991894 0.099501 0.079029 0.044900 0.015600 22 21 23 33 0.638203 0.246320 0.085707 0.029771
v -0.260186 55.781895 -6.310547 0.146295 0.984263 0.099121 0.023400 0.060500 21 22 0 0 0.830938 0.169062 0.000000 0.000000
v -0.434427 55.927864 -8.445244 0.008714 0.999951 -0.004639 0.056600 0.064500 22 21 23 0 0.772438 0.143403 0.084158 0.000000
v 3.287594 54.344868 -13.745224 0.493441 0.868251 0.051535 0.142600 0.009800 23 24 22 0 0.909190 0.051790 0.039020 0.000000
v 0.221671 55.988270 -12.640520 0.017878 0.999839 -0.001499 0.125000 0.056600 23 22 0 0 0.884698 0.115302 0.000000 0.000000
v 0.545806 55.936039 -15.905139 -0.024049 0.999710 0.001326 0.175800 0.054700 23 24 0 0 0.831705 0.168295 0.000000 0.000000
v -1.689654 54.601330 -16.377464 -0.995502 0.045220 -0.083249 0.181600 0.091800 23 24 0 0 0.866302 0.133698 0.000000 0.000000
v 0.739115 55.964531 -17.534315 0.018828 0.999432 0.027946 0.201200 0.052700 24 23 0 0 0.871393 0.128607 0.000000 0.000000
v -1.766394 54.805244 -18.896194 -0.977338 0.025460 -0.210148 0.220700 0.093800 24 23 0 0 0.840136 0.159864 0.000000 0.000000
v -1.373232 54.691521 -19.661217 -0.442557 0.891827 -0.093745 0.232400 0.087900 24 23 25 0 0.907849 0.052522 0.039629 0.000000
v -3.300586 53.433598 30.160698 -0.841544 -0.417921 0.342265 0.406300 0.232400 31 32 0 0 0.503387 0.496613 0.000000 0.000000
v -3.190769 52.508972 21.209120 -0.886851 -0.431807 0.164430 0.250000 0.238300 30 29 31 0 0.796300 0.168350 0.035350 0.000000
v -1.795344 51.067387 30.317430 -0.531859 -0.483535 0.695213 0.404300 0.189500 31 32 0 0 0.910970 0.089030 0.000000 0.000000
v -0.654355 50.444420 19.374256 0.608512 -0.790283 0.071874 0.210900 0.197300 29 30 0 0 0.831395 0.168605 0.000000 0.000000
v -3.467904 52.374298 20.408964 -0.875803 -0.461812 0.140356 0.236300 0.238300 30 29 0 0 0.720965 0.279035 0.000000 0.000000
v -3.185564 52.364067 17.647917 -0.877964 -0.478075 0.024964 0.187500 0.242200 29 30 28 0 0.903250 0.068059 0.028692 0.000000
v -3.156482 53.818703 18.000744 -0.999088 0.042548 0.003670 0.195300 0.267600 29 30 0 0 0.910765 0.089235 0.000000 0.000000
v -4.349058 52.356331 10.197622 -0.949380 -0.304171 0.078466 0.058600 0.263700 28 29 34 0 0.925306 0.063271 0.011423 0.000000
v -3.893273 54.111271 10.624842 -0.802236 0.592284 0.074944 0.068400 0.293000 28 29 0 0 0.897792 0.102208 0.000000 0.000000
v -4.237143 52.432930 8.210942 -0.988831 -0.037238 0.144317 0.023400 0.269500 28 34 27 0 0.849310 0.127768 0.022921 0.000000
v -3.641574 54.819355 6.840618 -0.728556 0.681198 0.071932 0.003900 0.308600 28 27 34 4 0.684821 0.225068 0.056269 0.033842
v -3.097389 53.740238 21.300495 -0.453073 0.885710 0.101207 0.232400 0.087900 30 29 31 0 0.785747 0.182672 0.031581 0.000000
v -0.815127 55.139679 19.423321 0.017661 0.999649 0.019745 0.201200 0.052700 29 30 0 0 0.775273 0.224727 0.000000 0.000000
v -3.425518 53.890751 20.521471 -0.990869 0.017885 0.133634 0.220700 0.093800 30 29 0 0 0.710247 0.289753 0.000000 0.000000
v -3.156482 53.818703 18.000744 -0.999088 0.042548 0.003670 0.181600 0.091800 29 30 0 0 0.910765 0.089235 0.000000 0.000000
v -0.871671 55.169220 17.783138 -0.026115 0.998896 0.039047 0.175800 0.054700 29 30 0 0 0.929025 0.070975 0.000000 0.000000
v -0.930652 55.388084 14.519229 0.013599 0.998689 0.049351 0.125000 0.056600 29 28 0 0 0.885199 0.114801 0.000000 0.000000
v 2.074681 53.665848 15.798731 0.494964 0.868393 0.030078 0.142600 0.009800 29 28 30 0 0.932092 0.041408 0.026501 0.000000
v -1.219325 55.510841 10.275199 0.007295 0.998847 0.047453 0.056600 0.064500 28 29 27 0 0.908968 0.081021 0.010011 0.000000
v 1.941855 53.906120 9.647175 0.994594 0.103577 0.007434 0.044900 0.015600 28 29 27 0 0.929257 0.067466 0.003278 0.000000
v -0.871019 55.447159 8.209657 0.165091 0.984989 -0.050418 0.023400 0.060500 28 27 0 0 0.800795 0.199205 0.000000 0.000000
v 1.995818 53.596645 7.569743 0.772335 0.578186 0.263058 0.011700 0.015600 28 27 34 0 0.797625 0.148712 0.053663 0.000000
v 6.871670 -1.336872 -9.059596 -0.017396 -0.993132 -0.115703 0.652300 0.365200 14 0 0 0 1.000000 0.000000 0.000000 0.000000
v 6.209918 0.820134 -8.639977 0.333160 0.371178 -0.866736 0.664100 0.423800 14 0 0 0 1.000000 0.000000 0.000000 0.000000
v 7.081357 -1.415820 -6.332631 0.915404 0.400798 0.037361 0.722700 0.359400 14 0 0 0 1.000000 0.000000 0.000000 0.000000
v 6.312012 1.040066 -6.894871 0.694762 0.680103 -0.234020 0.710900 0.427700 14 0 0 0 1.000000 0.000000 0.000000 0.000000
v 3.872800 1.400261 -8.998551 0.349496 0.921039 -0.171874 0.660200 0.460900 14 12 13 0 0.876467 0.115001 0.008532 0.000000
v 4.257725 1.594695 -6.744826 0.318285 0.943800 -0.089089 0.716800 0.462900 14 12 0 0 0.944163 0.055837 0.000000 0.000000
v 0.490444 2.997297 -8.950521 0.776273 0.536917 -0.330333 0.664100 0.533200 12 14 0 0 0.987041 0.012959 0.000000 0.000000
v 0.506218 2.937496 -6.921422 0.155075 0.071624 0.985303 0.716800 0.533200 12 0 0 0 1.000000 0.000000 0.000000 0.000000
v 1.069410 5.806902 -7.349528 0.997898 -0.064233 -0.008590 0.701200 0.593800 12 0 0 0 1.000000 0.000000 0.000000 0.000000
v -1.479709 5.421528 -5.527401 -0.007444 0.122371 0.992456 0.755900 0.611300 12 11 0 0 0.962260 0.037740 0.000000 0.000000
v 4.375989 65.672386 -0.840427 0.766755 -0.224702 -0.601329 0.746100 0.671900 6 0 0 0 1.000000 0.000000 0.000000 0.000000
v 3.289807 64.364204 -1.100201 0.551022 -0.032617 -0.833853 0.777300 0.634800 6 5 0 0 0.965923 0.034077 0.000000 0.000000
v 1.618829 66.063530 -1.637345 0.539312 0.122363 -0.833168 0.828100 0.681600 6 0 0 0 1.000000 0.000000 0.000000 0.000000
v 1.660815 63.553848 -1.634797 0.262947 0.048278 -0.963601 0.820300 0.607400 6 0 0 0 1.000000 0.000000 0.000000 0.000000
v 3.776340 62.116234 -1.089565 0.449679 0.144108 -0.881489 0.763700 0.568400 6 5 0 0 0.850542 0.149458 0.000000 0.000000
v 3.697996 61.968464 -1.152269 0.471582 0.104722 -0.875582 0.765824 0.563440 6 5 0 0 0.849238 0.150762 0.000000 0.000000
v 3.776340 62.116234 -1.089565 0.449679 0.144108 -0.881489 0.763424 0.567523 6 5 0 0 0.850542 0.149458 0.000000 0.000000
v 4.409648 59.471615 -0.754105 0.577191 -0.202054 -0.791217 0.742200 0.500000 6 5 0 0 0.776528 0.223472 0.000000 0.000000
v 3.166276 60.714172 -1.588661 0.287517 -0.114977 -0.950849 0.781300 0.527300 6 5 0 0 0.909012 0.090988 0.000000 0.000000
v 0.912965 59.014332 -1.186373 -0.224613 -0.116307 -0.967482 0.841800 0.482400 6 5 4 21 0.759927 0.143226 0.065786 0.031061
v 4.851632 57.394814 0.409442 0.855723 -0.216611 -0.469913 0.728500 0.443400 5 6 21 27 0.563000 0.330710 0.078863 0.027428
v 2.681999 57.910820 0.150673 0.921322 -0.013371 -0.388570 0.793000 0.457000 5 6 21 4 0.528200 0.301397 0.136597 0.033806
v -4.806140 53.144211 0.705580 -0.944426 0.327380 -0.029705 0.863300 0.386700 34 33 21 4 0.613725 0.233471 0.079636 0.073168
v -3.246658 55.605881 -2.619226 -0.696003 0.692910 -0.188295 0.802700 0.429700 21 4 33 34 0.692359 0.155650 0.085723 0.066268
v -4.978097 51.196156 -2.078499 -0.984246 0.107126 -0.140658 0.814500 0.353500 33 34 2 21 0.752914 0.125821 0.065368 0.055896
v -2.064619 57.032101 -0.912699 -0.548002 0.754401 -0.361349 0.830100 0.455100 4 21 5 6 0.640891 0.209174 0.137406 0.012529
v -2.207919 56.950607 2.489491 -0.580551 0.742676 0.333757 0.890600 0.455100 4 27 5 28 0.651076 0.167647 0.145841 0.035435
v -3.539091 55.332081 4.294203 -0.716041 0.680025 0.157646 0.923800 0.427700 27 28 4 34 0.582592 0.170900 0.129306 0.117201
v -5.207975 51.065426 3.379182 -0.992529 0.104292 0.063321 0.910200 0.351600 34 28 2 33 0.811510 0.080122 0.065301 0.043066
v -5.096105 43.198204 0.434824 -0.995973 -0.077104 -0.045747 0.863300 0.214800 2 8 0 1 0.822133 0.065470 0.056553 0.055844
v 3.266227 52.834534 -13.880651 0.915618 -0.400707 -0.032839 0.275400 0.156300 23 24 22 0 0.880710 0.070314 0.048976 0.000000
v 2.824924 51.524036 -6.641880 0.917840 -0.396906 0.005983 0.402300 0.140600 21 22 33 0 0.535938 0.253707 0.210356 0.000000
v 0.713087 50.201206 -9.163242 -0.446088 -0.826697 -0.342896 0.361300 0.101600 22 23 33 21 0.720944 0.115421 0.097028 0.066606
v 2.668596 54.294117 -7.620996 0.991894 0.099501 0.079029 0.382800 0.181600 22 21 23 33 0.638203 0.246320 0.085707 0.029771
v 3.287594 54.344868 -13.745224 0.493441 0.868251 0.051535 0.277300 0.179700 23 24 22 0 0.909190 0.051790 0.039020 0.000000
v 3.038409 53.225842 -19.219322 0.909142 -0.416168 0.016274 0.183600 0.154300 24 0 0 0 1.000000 0.000000 0.000000 0.000000
v 0.896731 51.343315 -17.686481 0.611489 -0.789043 -0.059094 0.212900 0.111300 24 23 0 0 0.932462 0.067538 0.000000 0.000000
v 1.138146 50.864155 -13.528485 -0.507534 -0.849202 -0.145828 0.285200 0.111300 23 22 24 0 0.820643 0.107285 0.072072 0.000000
v 3.256599 27.491037 7.038929 0.751166 0.002553 0.660109 0.056600 0.824200 16 15 8 0 0.722864 0.206348 0.070788 0.000000
v -1.293395 23.608540 8.119878 0.259153 0.006669 0.965813 0.037100 0.769500 16 17 15 0 0.862305 0.094505 0.043190 0.000000
v -1.304633 29.644371 7.937582 -0.688967 0.043946 0.723459 0.041000 0.853500 15 16 0 0 0.934569 0.065431 0.000000 0.000000
v -1.094702 36.106850 6.570704 -0.542419 0.126304 0.830559 0.062500 0.943400 15 8 0 0 0.801043 0.172236 0.026720 0.000000
v 2.752946 35.206993 5.700947 0.704418 0.218572 0.675293 0.076200 0.931600 8 15 16 0 0.770623 0.175876 0.053501 0.000000
v 6.560048 -1.722363 6.041373 0.914279 0.400830 0.058563 0.722700 0.359400 20 19 0 0 0.900730 0.099270 0.000000 0.000000
v 5.741551 0.695496 6.643327 0.671911 0.667197 0.321534 0.710900 0.427700 20 19 0 0 0.927648 0.072352 0.000000 0.000000
v 5.493703 0.402748 8.361413 0.258174 0.329484 0.908177 0.664100 0.423800 20 19 0 0 0.895741 0.104259 0.000000 0.000000
v 3.133448 0.959745 8.549374 0.332792 0.909796 0.248035 0.660200 0.460900 19 20 18 0 0.861699 0.070828 0.067474 0.000000
v 3.705708 1.270689 6.358219 0.310338 0.935956 0.166361 0.716800 0.462900 19 20 18 0 0.870015 0.090899 0.039085 0.000000
v -0.236007 2.574090 8.293880 0.745701 0.515453 0.422183 0.664100 0.533200 18 0 0 0 1.000000 0.000000 0.000000 0.000000
v -0.049960 2.611063 6.282884 0.239809 0.119231 -0.963471 0.716800 0.533200 18 19 0 0 0.976270 0.023730 0.000000 0.000000
v 0.462111 5.410295 6.940782 0.992323 -0.064221 0.105696 0.701200 0.593800 18 0 0 0 1.000000 0.000000 0.000000 0.000000
v -1.920079 5.131809 4.841863 0.072850 0.166621 -0.983326 0.755900 0.611300 18 17 0 0 0.935967 0.064033 0.000000 0.000000
v -4.170134 2.018662 6.612769 -0.967700 0.223667 -0.116316 0.519500 0.097700 18 19 0 0 0.917357 0.082643 0.000000 0.000000
v -4.393072 -1.572654 5.106595 -0.672983 0.376875 -0.636442 0.492200 0.023400 18 19 0 0 0.584172 0.415828 0.000000 0.000000
v -4.968033 -1.614980 7.923179 -0.360800 -0.882135 -0.302756 0.550800 0.023400 18 19 0 0 0.586292 0.413708 0.000000 0.000000
v -2.120779 1.771472 5.377102 0.342471 0.057661 -0.937757 0.494100 0.091800 18 19 0 0 0.915186 0.084814 0.000000 0.000000
v -1.920079 5.131809 4.841863 0.072850 0.166621 -0.983326 0.480500 0.160200 18 17 0 0 0.935967 0.064033 0.000000 0.000000
v -4.190367 5.487791 6.197798 -0.977103 -0.146950 -0.153866 0.511700 0.168000 18 17 0 0 0.904179 0.095821 0.000000 0.000000
v -2.224820 5.765226 8.667658 -0.457876 0.262623 0.849340 0.558600 0.175800 18 17 0 0 0.958490 0.041510 0.000000 0.000000
v -2.134000 1.836448 8.734691 -0.633857 0.153733 0.758018 0.562500 0.095700 18 19 0 0 0.936822 0.063178 0.000000 0.000000
v 2.035052 52.141560 15.848545 0.909615 -0.406418 0.086167 0.275400 0.156300 29 28 30 0 0.923117 0.048976 0.027907 0.000000
v -0.134536 49.762325 10.812450 -0.474188 -0.839444 0.265480 0.361300 0.101600 28 29 34 0 0.863722 0.121847 0.014431 0.000000
v 2.191657 51.178154 8.411373 0.913335 -0.402011 0.064862 0.402300 0.140600 28 34 0 0 0.851830 0.148170 0.000000 0.000000
v -0.073413 50.174488 15.233264 -0.521863 -0.851163 0.056394 0.285200 0.111300 29 28 0 0 0.876383 0.123617 0.000000 0.000000
v -0.654355 50.444420 19.374256 0.608512 -0.790283 0.071874 0.212900 0.111300 29 30 0 0 0.831395 0.168605 0.000000 0.000000
v 1.368481 52.276848 21.172110 0.908177 -0.416447 0.042259 0.183600 0.154300 30 29 0 0 0.882222 0.117778 0.000000 0.000000
v 2.074681 53.665848 15.798731 0.494964 0.868393 0.030078 0.277300 0.179700 29 28 30 0 0.932092 0.041408 0.026501 0.000000
v 1.941855 53.906120 9.647175 0.994594 0.103577 0.007434 0.382800 0.181600 28 29 27 0 0.929257 0.067466 0.003278 0.000000
v -3.570024 2.370077 -7.634470 -0.974362 0.220828 0.043058 0.519500 0.097700 12 13 0 0 0.950077 0.049923 0.000000 0.000000
v -4.247870 -1.185277 -9.169092 -0.382373 -0.896031 0.225653 0.550800 0.023400 12 13 0 0 0.608204 0.391796 0.000000 0.000000
v -3.911853 -1.289012 -6.315610 -0.725128 0.348077 0.594165 0.492200 0.023400 12 13 0 0 0.646783 0.353217 0.000000 0.000000
v -1.368177 2.286512 -9.569337 -0.567007 0.191940 -0.801038 0.562500 0.095700 12 13 0 0 0.961808 0.038192 0.000000 0.000000
v -1.472482 6.248603 -9.329221 -0.397245 0.303605 -0.866037 0.558600 0.175800 12 11 0 0 0.966024 0.033976 0.000000 0.000000
v -3.627527 5.858130 -7.059068 -0.987337 -0.146615 0.060585 0.511700 0.168000 12 11 0 0 0.927314 0.072686 0.000000 0.000000
v -1.479709 5.421528 -5.527401 -0.007444 0.122371 0.992456 0.480500 0.160200 12 11 0 0 0.962260 0.037740 0.000000 0.000000
v -1.632654 2.066050 -6.238605 0.260456 0.012780 0.965401 0.494100 0.091800 12 0 0 0 1.000000 0.000000 0.000000 0.000000
v 1.379143 65.927223 4.053225 0.587114 0.200105 0.784382 0.824200 0.675800 6 0 0 0 1.000000 0.000000 0.000000 0.000000
v 1.427112 63.438671 4.005784 0.202992 0.001423 0.979179 0.826200 0.601600 6 5 0 0 0.948201 0.051799 0.000000 0.000000
v 3.100578 64.291870 3.579092 0.608306 -0.076327 0.790024 0.787100 0.630900 6 5 0 0 0.965729 0.034271 0.000000 0.000000
v 3.535273 62.057026 3.523935 0.253320 0.077899 0.964241 0.766763 0.569037 6 5 0 0 0.897262 0.102738 0.000000 0.000000
v 3.573033 62.046520 3.514980 0.550409 -0.000002 0.834895 0.765914 0.569313 6 5 0 0 0.896999 0.103001 0.000000 0.000000
v 3.455797 61.705242 3.572327 0.489020 -0.025563 0.871898 0.768558 0.560006 6 5 0 0 0.883604 0.116396 0.000000 0.000000
v 3.446288 61.735123 3.578560 0.388114 0.030716 0.921099 0.768802 0.560832 6 5 0 0 0.884976 0.115024 0.000000 0.000000
v 2.938102 60.584408 3.828518 0.204143 -0.189231 0.960478 0.781300 0.531300 6 5 0 0 0.808869 0.191131 0.000000 0.000000
v 4.256927 59.471863 3.055619 0.498798 -0.242593 0.832075 0.748000 0.498000 6 5 0 0 0.727635 0.272365 0.000000 0.000000
v 3.632851 61.818165 3.476511 0.496023 -0.016384 0.868155 0.764143 0.562571 6 5 0 0 0.889944 0.110056 0.000000 0.000000
v 0.718920 58.902786 3.136551 -0.312582 -0.183818 0.931935 0.839800 0.480500 5 6 4 27 0.741403 0.166182 0.071396 0.021019
v 4.781690 57.350849 1.826351 0.686947 -0.246801 0.683515 0.732400 0.443400 5 6 27 21 0.517780 0.365884 0.064204 0.052132
v 2.583408 57.886395 1.830725 -0.046538 -0.986949 -0.154160 0.793000 0.455100 5 6 27 21 0.639907 0.181839 0.121631 0.056623
v -0.933652 66.486465 1.107091 -0.362291 0.932065 0.000014 0.918000 0.640600 6 0 0 0 1.000000 0.000000 0.000000 0.000000
v 1.379143 65.927223 4.053225 0.587114 0.200105 0.784382 0.847700 0.574200 6 0 0 0 1.000000 0.000000 0.000000 0.000000
v 1.832566 66.849289 1.222145 0.048758 0.998503 0.024789 0.919900 0.562500 6 0 0 0 1.000000 0.000000 0.000000 0.000000
v -0.216341 65.711647 4.102650 -0.236386 -0.086877 0.967767 0.845700 0.611300 6 0 0 0 1.000000 0.000000 0.000000 0.000000
v -2.403806 65.237709 2.304222 -0.839587 0.445796 0.310418 0.888700 0.669900 6 5 0 0 0.970141 0.029859 0.000000 0.000000
v -2.289427 65.277466 -0.267941 -0.807494 0.452393 -0.378543 0.943400 0.669900 6 5 0 0 0.974508 0.025492 0.000000 0.000000
v 0.031400 65.791946 -1.822356 -0.147302 -0.074367 -0.986292 0.988300 0.615200 6 0 0 0 1.000000 0.000000 0.000000 0.000000
v 1.618829 66.063530 -1.637345 0.539312 0.122363 -0.833168 0.984400 0.572300 6 0 0 0 1.000000 0.000000 0.000000 0.000000
v 4.781690 57.350849 1.826351 0.686947 -0.246801 0.683515 0.601600 0.679700 5 6 27 21 0.517780 0.365884 0.064204 0.052132
v 5.161057 58.994911 1.925252 -0.374302 0.299080 0.877753 0.601600 0.726600 6 5 0 0 0.626501 0.373499 0.000000 0.000000
v 4.256927 59.471863 3.055619 0.498798 -0.242593 0.832075 0.556600 0.755900 6 5 0 0 0.727635 0.272365 0.000000 0.000000
v 5.401522 59.812710 1.437353 0.978433 -0.122324 0.166450 0.601600 0.767600 6 5 0 0 0.768432 0.231568 0.000000 0.000000
v 5.378007 59.128151 1.750515 0.858549 -0.095460 0.503767 0.605500 0.736300 6 5 0 0 0.657104 0.342896 0.000000 0.000000
v 5.427764 59.160442 0.570290 0.820011 0.209790 -0.532513 0.652300 0.736300 6 5 21 0 0.643233 0.349886 0.006881 0.000000
v 5.226622 59.021427 0.365650 0.139396 -0.483993 -0.863898 0.658200 0.726600 6 5 21 0 0.617306 0.369250 0.013444 0.000000
v 5.321896 58.998753 0.592405 -0.122082 -0.991925 -0.034353 0.650400 0.730500 6 5 21 0 0.627719 0.362669 0.009612 0.000000
v 4.545800 50.311646 -4.428711 0.619153 -0.204151 -0.758269 0.593800 0.421900 33 21 3 4 0.800138 0.082761 0.078081 0.039020
v 3.501073 54.474987 -2.695607 0.747873 0.617987 -0.242442 0.560500 0.503900 21 4 33 0 0.887339 0.100357 0.012304 0.000000
v 2.705225 55.669662 -0.125319 0.859223 0.469129 -0.204092 0.511700 0.527300 21 4 5 27 0.780070 0.075639 0.073595 0.070696
v 3.706169 37.907391 -1.472818 0.883980 0.229796 -0.407153 0.746100 0.005900 1 0 0 0 0.529409 0.470591 0.000000 0.000000
v -0.602957 39.390984 -5.191350 0.370319 -0.074899 -0.925880 0.652300 0.037100 7 2 1 0 0.743328 0.112358 0.106527 0.037786
v 3.526997 39.578629 -3.196067 0.903226 0.036138 -0.427640 0.740200 0.037100 1 2 0 7 0.649158 0.151070 0.108531 0.091242
v 2.786941 42.661777 -3.336073 0.838212 -0.095976 -0.536832 0.724600 0.105500 2 1 7 33 0.785010 0.113489 0.056210 0.045292
v -0.816046 44.619797 -5.399854 0.006006 -0.175052 -0.984541 0.646500 0.148400 2 33 7 1 0.722970 0.162244 0.072805 0.041981
v 4.545800 50.311646 -4.428711 0.619153 -0.204151 -0.758269 0.757800 0.267600 33 21 3 4 0.800138 0.082761 0.078081 0.039020
v -0.661603 49.138943 -6.675558 -0.512003 -0.388756 -0.765977 0.648400 0.238300 33 22 2 21 0.672546 0.171826 0.100514 0.055114
v 2.824924 51.524036 -6.641880 0.917840 -0.396906 0.005983 0.720700 0.291000 21 22 33 0 0.535938 0.253707 0.210356 0.000000
v -0.578377 36.492947 -5.628459 -0.486614 0.169933 -0.856930 0.232400 0.943400 7 9 0 0 0.912658 0.058704 0.028638 0.000000
v 0.692237 52.448597 -28.654060 -0.498338 -0.447379 -0.742638 0.193400 0.550800 25 26 0 0 0.930170 0.069830 0.000000 0.000000
v 3.500289 53.527729 -29.953695 0.659425 -0.459943 -0.594653 0.166000 0.505900 25 26 0 0 0.621947 0.378053 0.000000 0.000000
v 3.644582 52.946911 -28.497778 0.770785 -0.637095 0.000152 0.177700 0.478500 25 26 0 0 0.540766 0.459234 0.000000 0.000000
v 3.748903 55.539845 -28.387527 0.565190 0.343669 -0.749968 0.115200 0.482400 26 25 24 0 0.494614 0.478867 0.026519 0.000000
v 3.018601 54.819206 -29.421379 0.437593 0.646469 -0.624972 0.134800 0.509800 26 25 0 0 0.639442 0.360558 0.000000 0.000000
v 0.914559 56.214485 -28.566973 -0.130915 0.847839 -0.513838 0.101600 0.554700 25 26 0 0 0.513786 0.486214 0.000000 0.000000
v 2.413319 55.237610 -29.567686 0.469348 0.870690 -0.147006 0.128900 0.541000 26 25 0 0 0.666924 0.333076 0.000000 0.000000
v 0.433387 55.221687 -29.905500 -0.539788 0.629856 -0.558490 0.152300 0.558600 26 25 0 0 0.743099 0.256901 0.000000 0.000000
v -0.363878 55.918251 -4.738500 0.107918 0.976168 -0.188279 0.228500 0.371100 21 22 4 0 0.909096 0.052158 0.038746 0.000000
v -0.260186 55.781895 -6.310547 0.146295 0.984263 0.099121 0.261700 0.369100 21 22 0 0 0.830938 0.169062 0.000000 0.000000
v -3.133271 55.091808 -5.231895 -0.720923 0.683219 -0.116107 0.234400 0.433600 21 22 33 4 0.686758 0.230140 0.045388 0.037714
v 2.547908 53.893990 -5.542363 0.790893 0.587882 -0.169951 0.246100 0.304700 21 22 33 0 0.808654 0.137865 0.053481 0.000000
v 3.501073 54.474987 -2.695607 0.747873 0.617987 -0.242442 0.185500 0.283200 21 4 33 0 0.887339 0.100357 0.012304 0.000000
v 0.201172 56.370979 -2.836377 0.194709 0.930682 -0.309710 0.185500 0.357400 21 4 6 0 0.779971 0.191588 0.028441 0.000000
v -3.246658 55.605881 -2.619226 -0.696003 0.692910 -0.188295 0.177700 0.431600 21 4 33 34 0.692359 0.155650 0.085723 0.066268
v 4.083788 50.149574 6.570131 0.527116 -0.231696 0.817598 0.382800 0.423800 34 28 27 0 0.779552 0.215181 0.005267 0.000000
v 2.442342 42.465801 4.845283 0.790842 -0.127561 0.598579 0.410200 0.275400 2 8 34 28 0.745501 0.131766 0.081482 0.041251
v 3.198174 39.391624 4.610745 0.863986 0.012676 0.503356 0.414100 0.216800 8 2 1 15 0.449919 0.299694 0.200590 0.049797
v 3.524911 37.804310 2.830548 0.596991 -0.375283 0.709059 0.447300 0.185500 8 1 2 0 0.698404 0.178248 0.083847 0.039500
v -0.845285 55.646191 6.691383 0.085732 0.968853 0.232322 0.039100 0.421900 27 28 4 0 0.772909 0.201228 0.025864 0.000000
v -3.641574 54.819355 6.840618 -0.728556 0.681198 0.071932 0.033200 0.482400 28 27 34 4 0.684821 0.225068 0.056269 0.033842
v -0.871019 55.447159 8.209657 0.165091 0.984989 -0.050418 0.005900 0.419900 28 27 0 0 0.800795 0.199205 0.000000 0.000000
v -3.539091 55.332081 4.294203 -0.716041 0.680025 0.157646 0.091800 0.482400 27 28 4 34 0.582592 0.170900 0.129306 0.117201
v -0.123287 56.188171 4.867297 0.165269 0.923799 0.345371 0.080100 0.406300 27 4 28 5 0.762874 0.140486 0.060148 0.036492
v 3.200634 54.355415 4.696269 0.721296 0.616289 0.316101 0.085900 0.334000 27 28 34 21 0.703044 0.130898 0.122886 0.043172
v 1.995818 53.596645 7.569743 0.772335 0.578186 0.263058 0.021500 0.355500 28 27 34 0 0.797625 0.148712 0.053663 0.000000
v 0.635628 56.580547 -1.560833 0.304430 0.723624 -0.619428 0.753900 0.699200 4 21 6 5 0.505951 0.325404 0.128211 0.040435
v -1.447257 59.127243 0.864057 -0.998500 0.019732 -0.051066 0.808600 0.777300 5 6 4 0 0.834745 0.107207 0.058048 0.000000
v 0.912965 59.014332 -1.186373 -0.224613 -0.116307 -0.967482 0.748000 0.773400 6 5 4 21 0.759927 0.143226 0.065786 0.031061
v 1.178235 60.951191 -1.646421 -0.191830 -0.153554 -0.969341 0.740200 0.830100 6 5 0 0 0.939368 0.060632 0.000000 0.000000
v -2.301682 62.469524 -0.944678 -0.756220 -0.172495 -0.631171 0.830100 0.877000 6 5 0 0 0.908819 0.091181 0.000000 0.000000
v 1.660815 63.553848 -1.634797 0.262947 0.048278 -0.963601 0.732400 0.910200 6 0 0 0 1.000000 0.000000 0.000000 0.000000
v 0.031400 65.791946 -1.822356 -0.147302 -0.074367 -0.986292 0.769500 0.978500 6 0 0 0 1.000000 0.000000 0.000000 0.000000
v 1.618829 66.063530 -1.637345 0.539312 0.122363 -0.833168 0.726600 0.986300 6 0 0 0 1.000000 0.000000 0.000000 0.000000
v 2.375369 6.788641 -5.496088 0.716208 -0.487343 0.499543 0.222700 0.533200 12 11 0 0 0.905621 0.094379 0.000000 0.000000
v 1.069410 5.806902 -7.349528 0.997898 -0.064233 -0.008590 0.246100 0.519500 12 0 0 0 1.000000 0.000000 0.000000 0.000000
v -1.479709 5.421528 -5.527401 -0.007444 0.122371 0.992456 0.220700 0.513700 12 11 0 0 0.962260 0.037740 0.000000 0.000000
v -2.286891 6.767601 -4.856153 -0.660015 -0.305337 0.686404 0.210900 0.531300 12 11 0 0 0.855295 0.144705 0.000000 0.000000
v 0.015915 11.055705 -3.524080 0.559788 -0.100000 0.822580 0.195300 0.591800 11 12 0 0 0.741412 0.258588 0.000000 0.000000
v 4.409648 59.471615 -0.754105 0.577191 -0.202054 -0.791217 0.695300 0.752000 6 5 0 0 0.776528 0.223472 0.000000 0.000000
v 4.851632 57.394814 0.409442 0.855723 -0.216611 -0.469913 0.654300 0.679700 5 6 21 27 0.563000 0.330710 0.078863 0.027428
v 5.407223 58.863766 0.640569 0.974109 0.064665 -0.216635 0.648400 0.724600 6 5 21 0 0.577836 0.403272 0.018893 0.000000
v 5.319242 59.006210 0.599678 0.879115 0.443104 -0.175544 0.650400 0.730500 6 5 21 0 0.603426 0.382405 0.014169 0.000000
v 5.362441 58.838295 1.703754 0.941604 0.047077 0.333415 0.609400 0.724600 6 5 21 27 0.584940 0.404884 0.006458 0.003717
v 5.270623 58.978569 1.753993 0.856815 0.388262 0.339295 0.607400 0.730500 6 5 21 0 0.611268 0.386369 0.002362 0.000000
v -5.354135 32.897648 -0.572309 -0.960294 -0.243678 0.135855 0.406300 0.625000 8 0 9 7 0.771520 0.118133 0.105789 0.004558
v -4.851403 32.134403 0.269934 -0.895966 -0.405249 0.181708 0.394500 0.636700 8 0 9 10 0.765703 0.126035 0.080385 0.027877
v 0.914559 56.214485 -28.566973 -0.130915 0.847839 -0.513838 0.375000 0.056600 25 26 0 0 0.513786 0.486214 0.000000 0.000000
v 3.748903 55.539845 -28.387527 0.565190 0.343669 -0.749968 0.373000 0.011700 26 25 24 0 0.494614 0.478867 0.026519 0.000000
v 3.081570 54.644417 -19.215193 0.999354 -0.028577 0.021780 0.228500 0.017600 24 23 0 0 0.967437 0.032563 0.000000 0.000000
v -0.661603 49.138943 -6.675558 -0.512003 -0.388756 -0.765977 0.011700 0.195300 33 22 2 21 0.672546 0.171826 0.100514 0.055114
v 0.713087 50.201206 -9.163242 -0.446088 -0.826697 -0.342896 0.058600 0.201200 22 23 33 21 0.720944 0.115421 0.097028 0.066606
v 1.138146 50.864155 -13.528485 -0.507534 -0.849202 -0.145828 0.136700 0.201200 23 22 24 0 0.820643 0.107285 0.072072 0.000000
v -1.325604 44.410542 6.722431 -0.084228 -0.224530 0.970820 0.646500 0.148400 2 28 8 34 0.626768 0.178441 0.107919 0.086872
v -1.283951 48.744766 8.086523 -0.581725 -0.486498 0.651856 0.648400 0.238300 28 34 2 0 0.722458 0.157306 0.120236 0.000000
v -4.071653 44.006386 5.054386 -0.480625 -0.206218 0.852334 0.585900 0.136700 2 8 34 28 0.692881 0.113955 0.112032 0.081132
v 4.083788 50.149574 6.570131 0.527116 -0.231696 0.817598 0.757800 0.267600 34 28 27 0 0.779552 0.215181 0.005267 0.000000
v 2.442342 42.465801 4.845283 0.790842 -0.127561 0.598579 0.724600 0.105500 2 8 34 28 0.745501 0.131766 0.081482 0.041251
v -1.080852 39.209808 6.181890 0.290339 -0.119352 0.949452 0.652300 0.037100 8 15 2 0 0.664556 0.170464 0.128791 0.036189
v -5.541098 33.017235 0.940819 -0.928227 -0.229994 -0.292400 0.384800 0.625000 7 15 0 8 0.489384 0.224143 0.191304 0.095168
v -4.676236 31.973383 0.053011 -0.840234 -0.407321 -0.357907 0.396500 0.636700 7 15 8 0 0.746968 0.093326 0.082998 0.076707
v -4.071653 44.006386 5.054386 -0.480625 -0.206218 0.852334 0.941400 0.230500 2 8 34 28 0.692881 0.113955 0.112032 0.081132
v -4.500398 39.901752 3.963670 -0.900462 0.320794 0.293699 0.925800 0.158200 8 0 2 15 0.476008 0.230597 0.213278 0.080118
v -4.203688 40.211464 -3.039757 -0.857083 0.356749 -0.371669 0.802700 0.160200 1 0 2 7 0.426835 0.218117 0.212215 0.142832
v -3.689518 44.223701 -4.018121 -0.417385 -0.168059 -0.893055 0.783200 0.230500 2 33 1 0 0.766487 0.126172 0.069848 0.037493
v -4.393072 -1.572654 5.106595 -0.672983 0.376875 -0.636442 0.720700 0.615200 18 19 0 0 0.584172 0.415828 0.000000 0.000000
v -0.990212 -1.586872 5.016148 -0.008019 -0.999608 -0.026819 0.726600 0.654300 18 19 20 0 0.500639 0.485990 0.013371 0.000000
v -4.968033 -1.614980 7.923179 -0.360800 -0.882135 -0.302756 0.687500 0.611300 18 19 0 0 0.586292 0.413708 0.000000 0.000000
v 1.011141 -1.708487 9.532794 -0.013646 -0.999535 0.027255 0.677700 0.681600 19 18 20 0 0.850767 0.119382 0.029851 0.000000
v 3.106998 -1.631986 5.055700 -0.008756 -0.997987 -0.062816 0.732400 0.701200 19 20 18 0 0.512088 0.458284 0.029628 0.000000
v 2.915506 -1.745085 9.358395 0.118890 0.280660 0.952415 0.683600 0.703100 19 20 0 0 0.854989 0.145011 0.000000 0.000000
v 6.122291 -1.773076 8.731594 -0.023963 -0.997418 0.067701 0.695300 0.740200 20 19 0 0 0.873202 0.126798 0.000000 0.000000
v -4.968033 -1.614980 7.923179 -0.360800 -0.882135 -0.302756 0.988300 0.011700 18 19 0 0 0.586292 0.413708 0.000000 0.000000
v 1.011141 -1.708487 9.532794 -0.013646 -0.999535 0.027255 0.884800 0.011700 19 18 20 0 0.850767 0.119382 0.029851 0.000000
v -2.134000 1.836448 8.734691 -0.633857 0.153733 0.758018 0.951200 0.072300 18 19 0 0 0.936822 0.063178 0.000000 0.000000
v -0.236007 2.574090 8.293880 0.745701 0.515453 0.422183 0.914100 0.085900 18 0 0 0 1.000000 0.000000 0.000000 0.000000
v 2.915506 -1.745085 9.358395 0.118890 0.280660 0.952415 0.853500 0.011700 19 20 0 0 0.854989 0.145011 0.000000 0.000000
v 3.133448 0.959745 8.549374 0.332792 0.909796 0.248035 0.845700 0.062500 19 20 18 0 0.861699 0.070828 0.067474 0.000000
v 5.493703 0.402748 8.361413 0.258174 0.329484 0.908177 0.808600 0.052700 20 19 0 0 0.895741 0.104259 0.000000 0.000000
v 0.462111 5.410295 6.940782 0.992323 -0.064221 0.105696 0.048800 0.517600 18 0 0 0 1.000000 0.000000 0.000000 0.000000
v -2.224820 5.765226 8.667658 -0.457876 0.262623 0.849340 0.023400 0.521500 18 17 0 0 0.958490 0.041510 0.000000 0.000000
v -2.530255 7.140543 9.434628 0.207044 -0.277916 0.938028 0.013700 0.541000 18 17 0 0 0.870184 0.129816 0.000000 0.000000
v -2.070767 11.475641 9.919239 -0.810862 0.157244 0.563717 0.007800 0.601600 17 18 0 0 0.768992 0.231008 0.000000 0.000000
v -2.224820 5.765226 8.667658 -0.457876 0.262623 0.849340 0.277300 0.982400 18 17 0 0 0.958490 0.041510 0.000000 0.000000
v -4.190367 5.487791 6.197798 -0.977103 -0.146950 -0.153866 0.308600 0.986300 18 17 0 0 0.904179 0.095821 0.000000 0.000000
v -2.664284 6.468987 4.175330 -0.594777 -0.279212 -0.753844 0.335900 0.974600 18 17 0 0 0.819500 0.180500 0.000000 0.000000
v 5.741551 0.695496 6.643327 0.671911 0.667197 0.321534 0.808600 0.052700 20 19 0 0 0.927648 0.072352 0.000000 0.000000
v 3.106998 -1.631986 5.055700 -0.008756 -0.997987 -0.062816 0.853500 0.011700 19 20 18 0 0.512088 0.458284 0.029628 0.000000
v 3.705708 1.270689 6.358219 0.310338 0.935956 0.166361 0.845700 0.062500 19 20 18 0 0.870015 0.090899 0.039085 0.000000
v -0.049960 2.611063 6.282884 0.239809 0.119231 -0.963471 0.914100 0.085900 18 19 0 0 0.976270 0.023730 0.000000 0.000000
v -0.990212 -1.586872 5.016148 -0.008019 -0.999608 -0.026819 0.927700 0.011700 18 19 20 0 0.500639 0.485990 0.013371 0.000000
v -2.120779 1.771472 5.377102 0.342471 0.057661 -0.937757 0.951200 0.072300 18 19 0 0 0.915186 0.084814 0.000000 0.000000
v -4.393072 -1.572654 5.106595 -0.672983 0.376875 -0.636442 0.988300 0.011700 18 19 0 0 0.584172 0.415828 0.000000 0.000000
v -0.225179 24.645321 7.951501 -0.286956 -0.775720 -0.562063 0.306600 0.353500 15 0 0 0 1.000000 0.000000 0.000000 0.000000
v 2.162738 33.847801 7.520143 -0.208316 0.556637 -0.804214 0.343800 0.511700 15 0 0 0 1.000000 0.000000 0.000000 0.000000
v 1.801955 25.041822 8.203695 0.118128 -0.723987 -0.679624 0.341800 0.359400 15 0 0 0 1.000000 0.000000 0.000000 0.000000
v -0.229795 33.879837 7.213090 -0.423005 0.904078 -0.060906 0.302700 0.511700 15 0 0 0 1.000000 0.000000 0.000000 0.000000
v -1.142539 32.757378 7.173233 -0.170000 0.892476 -0.417836 0.287100 0.492200 15 0 0 0 1.000000 0.000000 0.000000 0.000000
v -1.997307 30.249187 7.235885 -0.342246 -0.340358 -0.875799 0.273400 0.449200 15 0 0 0 1.000000 0.000000 0.000000 0.000000
v -2.054538 28.480299 7.367904 -0.642600 -0.219348 -0.734133 0.271500 0.419900 15 0 0 0 1.000000 0.000000 0.000000 0.000000
v -0.392814 24.804144 9.294757 -0.443130 -0.659868 0.606804 0.306600 0.353500 15 0 0 0 1.000000 0.000000 0.000000 0.000000
v -2.165345 30.409185 8.589201 -0.567570 -0.197006 0.799408 0.273400 0.449200 15 0 0 0 1.000000 0.000000 0.000000 0.000000
v -2.222580 28.640295 8.721321 -0.817816 -0.104472 0.565918 0.271500 0.419900 15 0 0 0 1.000000 0.000000 0.000000 0.000000
v -1.311568 32.936352 8.514174 -0.267296 0.962731 0.041259 0.287100 0.492200 15 0 0 0 1.000000 0.000000 0.000000 0.000000
v -0.407061 34.036777 8.546051 -0.385426 0.886909 -0.254634 0.302700 0.511700 15 0 0 0 1.000000 0.000000 0.000000 0.000000
v 1.974820 34.005222 8.862816 -0.118085 0.066954 0.990744 0.343800 0.511700 15 0 0 0 1.000000 0.000000 0.000000 0.000000
v 1.635072 25.190569 9.548163 0.960264 -0.119008 0.252446 0.341800 0.359400 15 0 0 0 1.000000 0.000000 0.000000 0.000000
v 2.454817 30.704165 0.453591 0.308880 -0.424663 -0.851031 0.584000 0.681600 8 15 9 7 0.755601 0.094828 0.090578 0.058994
v -4.851403 32.134403 0.269934 -0.895966 -0.405249 0.181708 0.513700 0.716800 8 0 9 10 0.765703 0.126035 0.080385 0.027877
v -3.935808 30.496714 -0.644475 -0.952082 -0.301042 0.053984 0.519500 0.697300 8 9 10 0 0.895300 0.052386 0.052314 0.000000
v -5.398488 37.921783 0.295799 -0.545144 0.729282 0.413480 0.523400 0.777300 0 8 7 15 0.751140 0.119610 0.087921 0.041328
v -4.676236 31.973383 0.053011 -0.840234 -0.407321 -0.357907 0.513700 0.716800 7 15 8 0 0.746968 0.093326 0.082998 0.076707
v -4.008217 30.501453 1.004698 -0.920478 -0.332954 -0.204601 0.519500 0.697300 7 15 16 8 0.387372 0.217485 0.204698 0.190444
v -0.864213 18.967810 2.835303 -0.708307 -0.066702 -0.702746 0.521500 0.570300 17 16 0 0 0.898994 0.101006 0.000000 0.000000
v 0.718920 58.902786 3.136551 -0.312582 -0.183818 0.931935 0.394500 0.029300 5 6 4 27 0.741403 0.166182 0.071396 0.021019
v 2.612365 55.596767 2.071431 0.832164 0.471792 0.291402 0.472700 0.041000 27 21 5 4 0.679972 0.151251 0.085239 0.083538
v 2.583408 57.886395 1.830725 -0.046538 -0.986949 -0.154160 0.425800 0.058600 5 6 27 21 0.639907 0.181839 0.121631 0.056623
v 2.681999 57.910820 0.150673 0.921322 -0.013371 -0.388570 0.431600 0.101600 5 6 21 4 0.528200 0.301397 0.136597 0.033806
v 2.705225 55.669662 -0.125319 0.859223 0.469129 -0.204092 0.480500 0.095700 21 4 5 27 0.780070 0.075639 0.073595 0.070696
v 0.912965 59.014332 -1.186373 -0.224613 -0.116307 -0.967482 0.410200 0.138700 6 5 4 21 0.759927 0.143226 0.065786 0.031061
v 0.635628 56.580547 -1.560833 0.304430 0.723624 -0.619428 0.466800 0.136700 4 21 6 5 0.505951 0.325404 0.128211 0.040435
v -2.286891 6.767601 -4.856153 -0.660015 -0.305337 0.686404 0.455100 0.974600 12 11 0 0 0.855295 0.144705 0.000000 0.000000
v -3.627527 5.858130 -7.059068 -0.987337 -0.146615 0.060585 0.482400 0.986300 12 11 0 0 0.927314 0.072686 0.000000 0.000000
v -1.472482 6.248603 -9.329221 -0.397245 0.303605 -0.866037 0.515600 0.980500 12 11 0 0 0.966024 0.033976 0.000000 0.000000
v 1.160223 51.569366 30.434050 0.769614 -0.638259 0.017906 0.177700 0.478500 31 32 30 0 0.843152 0.107970 0.048878 0.000000
v 1.274805 54.164017 30.457182 0.571546 0.235977 0.785907 0.115200 0.482400 31 32 30 0 0.780871 0.166219 0.052909 0.000000
v 0.429499 52.380737 31.823526 0.491219 -0.435142 0.754557 0.166000 0.505900 32 31 0 0 0.683005 0.316995 0.000000 0.000000
v 0.298656 53.567341 31.564035 0.423673 0.542573 0.725339 0.134800 0.509800 32 31 0 0 0.623190 0.376810 0.000000 0.000000
v -1.575009 54.831932 30.439518 -0.202023 0.742467 0.638693 0.101600 0.554700 31 32 0 0 0.506337 0.493663 0.000000 0.000000
v -2.213001 53.779961 31.413218 -0.670462 0.680422 0.295816 0.128900 0.541000 32 31 0 0 0.787511 0.212489 0.000000 0.000000
v -2.580153 53.100746 31.173658 -0.797947 -0.056916 0.600034 0.152300 0.558600 32 31 0 0 0.810574 0.189426 0.000000 0.000000
v 1.409283 53.704041 21.239880 0.997312 -0.029729 0.066967 0.228500 0.017600 30 29 0 0 0.905726 0.094274 0.000000 0.000000
v 1.274805 54.164017 30.457182 0.571546 0.235977 0.785907 0.373000 0.011700 31 32 30 0 0.780871 0.166219 0.052909 0.000000
v -1.575009 54.831932 30.439518 -0.202023 0.742467 0.638693 0.375000 0.056600 31 32 0 0 0.506337 0.493663 0.000000 0.000000
v -0.073413 50.174488 15.233264 -0.521863 -0.851163 0.056394 0.136700 0.201200 29 28 0 0 0.876383 0.123617 0.000000 0.000000
v -0.134536 49.762325 10.812450 -0.474188 -0.839444 0.265480 0.058600 0.201200 28 29 34 0 0.863722 0.121847 0.014431 0.000000
v -1.283951 48.744766 8.086523 -0.581725 -0.486498 0.651856 0.011700 0.195300 28 34 2 0 0.722458 0.157306 0.120236 0.000000
v -3.911853 -1.289012 -6.315610 -0.725128 0.348077 0.594165 0.988300 0.011700 12 13 0 0 0.646783 0.353217 0.000000 0.000000
v -0.528607 -1.314285 -5.940277 -0.012759 -0.999654 -0.022990 0.927700 0.011700 12 14 13 0 0.869779 0.070558 0.059663 0.000000
v -1.632654 2.066050 -6.238605 0.260456 0.012780 0.965401 0.951200 0.072300 12 0 0 0 1.000000 0.000000 0.000000 0.000000
v 0.506218 2.937496 -6.921422 0.155075 0.071624 0.985303 0.914100 0.085900 12 0 0 0 1.000000 0.000000 0.000000 0.000000
v 3.557616 -1.355571 -5.637213 -0.012118 -0.999789 0.016585 0.853500 0.011700 14 12 0 0 0.943731 0.056269 0.000000 0.000000
v 4.257725 1.594695 -6.744826 0.318285 0.943800 -0.089089 0.845700 0.062500 14 12 0 0 0.944163 0.055837 0.000000 0.000000
v 6.312012 1.040066 -6.894871 0.694762 0.680103 -0.234020 0.808600 0.052700 14 0 0 0 1.000000 0.000000 0.000000 0.000000
v 6.209918 0.820134 -8.639977 0.333160 0.371178 -0.866736 0.808600 0.052700 14 0 0 0 1.000000 0.000000 0.000000 0.000000
v 3.728963 -1.272399 -9.951623 0.198001 0.325170 -0.924694 0.853500 0.011700 14 13 12 0 0.772602 0.189259 0.038139 0.000000
v 3.872800 1.400261 -8.998551 0.349496 0.921039 -0.171874 0.845700 0.062500 14 12 13 0 0.876467 0.115001 0.008532 0.000000
v 0.490444 2.997297 -8.950521 0.776273 0.536917 -0.330333 0.914100 0.085900 12 14 0 0 0.987041 0.012959 0.000000 0.000000
v 1.845923 -1.223775 -10.283506 -0.010066 -0.997123 -0.075129 0.884800 0.011700 13 14 12 0 0.604546 0.224911 0.170543 0.000000
v -1.368177 2.286512 -9.569337 -0.567007 0.191940 -0.801038 0.951200 0.072300 12 13 0 0 0.961808 0.038192 0.000000 0.000000
v -4.247870 -1.185277 -9.169092 -0.382373 -0.896031 0.225653 0.988300 0.011700 12 13 0 0 0.608204 0.391796 0.000000 0.000000
v 6.871670 -1.336872 -9.059596 -0.017396 -0.993132 -0.115703 0.695300 0.740200 14 0 0 0 1.000000 0.000000 0.000000 0.000000
v 3.557616 -1.355571 -5.637213 -0.012118 -0.999789 0.016585 0.732400 0.701200 14 12 0 0 0.943731 0.056269 0.000000 0.000000
v 3.728963 -1.272399 -9.951623 0.198001 0.325170 -0.924694 0.683600 0.703100 14 13 12 0 0.772602 0.189259 0.038139 0.000000
v 1.845923 -1.223775 -10.283506 -0.010066 -0.997123 -0.075129 0.677700 0.681600 13 14 12 0 0.604546 0.224911 0.170543 0.000000
v -0.528607 -1.314285 -5.940277 -0.012759 -0.999654 -0.022990 0.726600 0.654300 12 14 13 0 0.869779 0.070558 0.059663 0.000000
v -4.247870 -1.185277 -9.169092 -0.382373 -0.896031 0.225653 0.687500 0.611300 12 13 0 0 0.608204 0.391796 0.000000 0.000000
v -3.911853 -1.289012 -6.315610 -0.725128 0.348077 0.594165 0.720700 0.615200 12 13 0 0 0.646783 0.353217 0.000000 0.000000
v 3.875356 62.089718 3.340850 0.519507 -0.188229 0.833476 0.552811 0.851677 6 5 0 0 0.900119 0.099881 0.000000 0.000000
v 3.881860 62.118843 3.334568 0.489218 0.078149 0.868653 0.553027 0.852753 6 5 0 0 0.900803 0.099197 0.000000 0.000000
v 3.669548 62.107430 3.455153 0.489177 0.078130 0.868678 0.548925 0.852426 6 5 0 0 0.899059 0.100941 0.000000 0.000000
v 3.100578 64.291870 3.579092 0.608306 -0.076327 0.790024 0.544900 0.933600 6 5 0 0 0.965729 0.034271 0.000000 0.000000
v 3.573033 62.046520 3.514980 0.550409 -0.000002 0.834895 0.546871 0.850828 6 5 0 0 0.896999 0.103001 0.000000 0.000000
v 3.897970 64.271278 2.436895 0.824964 -0.158713 0.542443 0.593800 0.929700 6 5 0 0 0.964490 0.035510 0.000000 0.000000
v 4.422944 64.735954 2.914674 0.662073 -0.523050 0.536729 0.568400 0.949200 6 5 0 0 0.972898 0.027102 0.000000 0.000000
v 5.135057 64.749573 1.361698 0.768705 -0.613957 0.179302 0.625000 0.949200 6 5 0 0 0.969549 0.030451 0.000000 0.000000
v -0.216341 65.711647 4.102650 -0.236386 -0.086877 0.967767 0.765600 0.978500 6 0 0 0 1.000000 0.000000 0.000000 0.000000
v -2.476806 62.429382 2.974779 -0.799623 -0.201038 0.565851 0.832000 0.878900 6 5 0 0 0.891519 0.108481 0.000000 0.000000
v 1.427112 63.438671 4.005784 0.202992 0.001423 0.979179 0.724600 0.904300 6 5 0 0 0.948201 0.051799 0.000000 0.000000
v 0.950063 60.821434 3.770758 -0.259359 -0.232959 0.937264 0.740200 0.824200 6 5 0 0 0.793615 0.206385 0.000000 0.000000
v -1.447257 59.127243 0.864057 -0.998500 0.019732 -0.051066 0.808600 0.771500 5 6 4 0 0.834745 0.107207 0.058048 0.000000
v 0.718920 58.902786 3.136551 -0.312582 -0.183818 0.931935 0.744100 0.767600 5 6 4 27 0.741403 0.166182 0.071396 0.021019
v 0.431340 56.464367 3.289314 0.248542 0.703368 0.665958 0.750000 0.703100 4 27 5 6 0.551172 0.291238 0.146065 0.011525
v -2.289427 65.277466 -0.267941 -0.807494 0.452393 -0.378543 0.880900 0.990200 6 5 0 0 0.974508 0.025492 0.000000 0.000000
v -2.301682 62.469524 -0.944678 -0.756220 -0.172495 -0.631171 0.861300 0.896500 6 5 0 0 0.908819 0.091181 0.000000 0.000000
v -2.403806 65.237709 2.304222 -0.839587 0.445796 0.310418 0.962900 0.992200 6 5 0 0 0.970141 0.029859 0.000000 0.000000
v -2.476806 62.429382 2.974779 -0.799623 -0.201038 0.565851 0.986300 0.898400 6 5 0 0 0.891519 0.108481 0.000000 0.000000
v -1.447257 59.127243 0.864057 -0.998500 0.019732 -0.051066 0.880900 0.781300 5 6 4 0 0.834745 0.107207 0.058048 0.000000
v -3.922147 50.044441 -6.080749 -0.250184 -0.266236 -0.930874 0.744100 0.330100 33 22 2 21 0.728083 0.179225 0.074080 0.018613
v -3.606332 52.773239 -6.770591 -0.972843 -0.029151 -0.229621 0.730500 0.378900 22 33 21 0 0.764282 0.132933 0.102784 0.000000
v -3.133271 55.091808 -5.231895 -0.720923 0.683219 -0.116107 0.755900 0.419900 21 22 33 4 0.686758 0.230140 0.045388 0.037714
v -0.622009 23.986130 -7.821108 0.361441 0.083398 -0.928658 0.500000 0.748000 10 11 9 0 0.878280 0.078030 0.043689 0.000000
v -0.651284 30.016096 -7.535201 -0.641162 0.080170 -0.763206 0.498000 0.666000 9 10 7 0 0.920514 0.050881 0.028605 0.000000
v -3.689518 44.223701 -4.018121 -0.417385 -0.168059 -0.893055 0.585900 0.136700 2 33 1 0 0.766487 0.126172 0.069848 0.037493
v -3.922147 50.044441 -6.080749 -0.250184 -0.266236 -0.930874 0.578100 0.263700 33 22 2 21 0.728083 0.179225 0.074080 0.018613
v -3.606332 52.773239 -6.770591 -0.972843 -0.029151 -0.229621 0.584000 0.314500 22 33 21 0 0.764282 0.132933 0.102784 0.000000
v 0.080594 54.190487 -29.434519 -0.158417 0.356866 0.920625 0.175800 0.541000 26 25 0 0 0.666007 0.333993 0.000000 0.000000
v -0.823507 54.573196 -28.507055 -0.771920 -0.482422 -0.414015 0.154300 0.591800 25 26 24 0 0.852330 0.120844 0.026826 0.000000
v -1.766394 54.805244 -18.896194 -0.977338 0.025460 -0.210148 0.240200 0.263700 24 23 0 0 0.840136 0.159864 0.000000 0.000000
v -1.373232 54.691521 -19.661217 -0.442557 0.891827 -0.093745 0.252000 0.257800 24 23 25 0 0.907849 0.052522 0.039629 0.000000
v -3.133271 55.091808 -5.231895 -0.720923 0.683219 -0.116107 0.005900 0.105500 21 22 33 4 0.686758 0.230140 0.045388 0.037714
v -3.064331 54.557396 -9.074589 -0.792574 0.598739 -0.115486 0.066400 0.105500 22 23 21 0 0.889498 0.072814 0.037688 0.000000
v 0.692237 52.448597 -28.654060 -0.498338 -0.447379 -0.742638 0.023400 0.115200 25 26 0 0 0.930170 0.069830 0.000000 0.000000
v 3.644582 52.946911 -28.497778 0.770785 -0.637095 0.000152 0.023400 0.142600 25 26 0 0 0.540766 0.459234 0.000000 0.000000
v 3.748903 55.539845 -28.387527 0.565190 0.343669 -0.749968 0.023400 0.185500 26 25 24 0 0.494614 0.478867 0.026519 0.000000
v 3.081570 54.644417 -19.215193 0.999354 -0.028577 0.021780 0.183600 0.177700 24 23 0 0 0.967437 0.032563 0.000000 0.000000
v -1.080852 39.209808 6.181890 0.290339 -0.119352 0.949452 0.068400 0.986300 8 15 2 0 0.664556 0.170464 0.128791 0.036189
v 3.524911 37.804310 2.830548 0.596991 -0.375283 0.709059 0.117200 0.966800 8 1 2 0 0.698404 0.178248 0.083847 0.039500
v -1.304633 29.644371 7.937582 -0.688967 0.043946 0.723459 0.291000 0.668000 15 16 0 0 0.934569 0.065431 0.000000 0.000000
v -1.293395 23.608540 8.119878 0.259153 0.006669 0.965813 0.291000 0.748000 16 17 15 0 0.862305 0.094505 0.043190 0.000000
v -2.207919 56.950607 2.489491 -0.580551 0.742676 0.333757 0.132800 0.455100 4 27 5 28 0.651076 0.167647 0.145841 0.035435
v 0.431340 56.464367 3.289314 0.248542 0.703368 0.665958 0.115200 0.396500 4 27 5 6 0.551172 0.291238 0.146065 0.011525
v 2.612365 55.596767 2.071431 0.832164 0.471792 0.291402 0.144500 0.347700 27 21 5 4 0.679972 0.151251 0.085239 0.083538
v -1.795344 51.067387 30.317430 -0.531859 -0.483535 0.695213 0.193400 0.550800 31 32 0 0 0.910970 0.089030 0.000000 0.000000
v -3.300586 53.433598 30.160698 -0.841544 -0.417921 0.342265 0.154300 0.591800 31 32 0 0 0.503387 0.496613 0.000000 0.000000
v -1.210389 52.658215 31.557899 -0.290960 -0.519486 0.803415 0.175800 0.541000 32 31 0 0 0.917501 0.082499 0.000000 0.000000
v 1.160223 51.569366 30.434050 0.769614 -0.638259 0.017906 0.023400 0.142600 31 32 30 0 0.843152 0.107970 0.048878 0.000000
v 1.274805 54.164017 30.457182 0.571546 0.235977 0.785907 0.023400 0.185500 31 32 30 0 0.780871 0.166219 0.052909 0.000000
v 1.409283 53.704041 21.239880 0.997312 -0.029729 0.066967 0.183600 0.177700 30 29 0 0 0.905726 0.094274 0.000000 0.000000
v 2.786941 42.661777 -3.336073 0.838212 -0.095976 -0.536832 0.568400 0.275400 2 1 7 33 0.785010 0.113489 0.056210 0.045292
v -4.489377 49.721859 7.386255 -0.297373 -0.308884 0.903416 0.980500 0.330100 34 28 2 0 0.539760 0.367275 0.092965 0.000000
v -4.237143 52.432930 8.210942 -0.988831 -0.037238 0.144317 0.994100 0.377000 28 34 27 0 0.849310 0.127768 0.022921 0.000000
v -3.641574 54.819355 6.840618 -0.728556 0.681198 0.071932 0.968800 0.419900 28 27 34 4 0.684821 0.225068 0.056269 0.033842
v 2.162738 33.847801 7.520143 -0.208316 0.556637 -0.804214 0.164100 0.752000 15 0 0 0 1.000000 0.000000 0.000000 0.000000
v -0.229795 33.879837 7.213090 -0.423005 0.904078 -0.060906 0.164100 0.701200 15 0 0 0 1.000000 0.000000 0.000000 0.000000
v -0.407061 34.036777 8.546051 -0.385426 0.886909 -0.254634 0.132800 0.699200 15 0 0 0 1.000000 0.000000 0.000000 0.000000
v -1.311568 32.936352 8.514174 -0.267296 0.962731 0.041259 0.130900 0.677700 15 0 0 0 1.000000 0.000000 0.000000 0.000000
v -1.142539 32.757378 7.173233 -0.170000 0.892476 -0.417836 0.160200 0.675800 15 0 0 0 1.000000 0.000000 0.000000 0.000000
v -2.064619 57.032101 -0.912699 -0.548002 0.754401 -0.361349 0.142600 0.406300 4 21 5 6 0.640891 0.209174 0.137406 0.012529
v 0.635628 56.580547 -1.560833 0.304430 0.723624 -0.619428 0.160200 0.343800 4 21 6 5 0.505951 0.325404 0.128211 0.040435
v 2.705225 55.669662 -0.125319 0.859223 0.469129 -0.204092 0.128900 0.298800 21 4 5 27 0.780070 0.075639 0.073595 0.070696
v -3.893273 54.111271 10.624842 -0.802236 0.592284 0.074944 0.066400 0.105500 28 29 0 0 0.897792 0.102208 0.000000 0.000000
v -3.641574 54.819355 6.840618 -0.728556 0.681198 0.071932 0.005900 0.105500 28 27 34 4 0.684821 0.225068 0.056269 0.033842
v -3.097389 53.740238 21.300495 -0.453073 0.885710 0.101207 0.252000 0.257800 30 29 31 0 0.785747 0.182672 0.031581 0.000000
v -3.425518 53.890751 20.521471 -0.990869 0.017885 0.133634 0.240200 0.263700 30 29 0 0 0.710247 0.289753 0.000000 0.000000
v 6.159317 59.928089 1.045763 0.467361 -0.539627 -0.700269 0.632800 0.771500 6 5 0 0 0.801395 0.198605 0.000000 0.000000
v 5.273275 58.971107 1.746720 0.813424 -0.501105 0.295357 0.607400 0.730500 6 5 0 0 0.636838 0.363162 0.000000 0.000000
v 1.995818 53.596645 7.569743 0.772335 0.578186 0.263058 0.363300 0.490200 28 27 34 0 0.797625 0.148712 0.053663 0.000000
v -4.489377 49.721859 7.386255 -0.297373 -0.308884 0.903416 0.578100 0.263700 34 28 2 0 0.539760 0.367275 0.092965 0.000000
v -4.237143 52.432930 8.210942 -0.988831 -0.037238 0.144317 0.584000 0.314500 28 34 27 0 0.849310 0.127768 0.022921 0.000000
v 3.524911 37.804310 2.830548 0.596991 -0.375283 0.709059 0.746100 0.005900 8 1 2 0 0.698404 0.178248 0.083847 0.039500
v 3.198174 39.391624 4.610745 0.863986 0.012676 0.503356 0.740200 0.037100 8 2 1 15 0.449919 0.299694 0.200590 0.049797
v -1.920079 5.131809 4.841863 0.072850 0.166621 -0.983326 0.076200 0.511700 18 17 0 0 0.935967 0.064033 0.000000 0.000000
v -4.153728 33.976940 6.630871 -0.725211 -0.089178 -0.682727 0.234400 0.511700 15 0 0 0 1.000000 0.000000 0.000000 0.000000
v -4.350495 31.489290 6.738679 -0.604968 -0.440075 -0.663587 0.230500 0.468800 15 0 0 0 1.000000 0.000000 0.000000 0.000000
v -4.301177 34.137264 7.974810 -0.852249 0.019062 0.522789 0.234400 0.511700 15 0 0 0 1.000000 0.000000 0.000000 0.000000
v -4.509146 31.660053 8.091228 -0.784268 -0.331101 0.524687 0.230500 0.468800 15 0 0 0 1.000000 0.000000 0.000000 0.000000
v 1.801955 25.041822 8.203695 0.118128 -0.723987 -0.679624 0.988300 0.072300 15 0 0 0 1.000000 0.000000 0.000000 0.000000
v 2.162738 33.847801 7.520143 -0.208316 0.556637 -0.804214 0.992200 0.246100 15 0 0 0 1.000000 0.000000 0.000000 0.000000
v 1.635072 25.190569 9.548163 0.960264 -0.119008 0.252446 0.962900 0.072300 15 0 0 0 1.000000 0.000000 0.000000 0.000000
v 1.974820 34.005222 8.862816 -0.118085 0.066954 0.990744 0.959000 0.246100 15 0 0 0 1.000000 0.000000 0.000000 0.000000
v -4.153728 33.976940 6.630871 -0.725211 -0.089178 -0.682727 0.160200 0.617200 15 0 0 0 1.000000 0.000000 0.000000 0.000000
v -4.301177 34.137264 7.974810 -0.852249 0.019062 0.522789 0.132800 0.617200 15 0 0 0 1.000000 0.000000 0.000000 0.000000
v 1.995818 53.596645 7.569743 0.772335 0.578186 0.263058 0.714800 0.343800 28 27 34 0 0.797625 0.148712 0.053663 0.000000
v 2.191657 51.178154 8.411373 0.913335 -0.402011 0.064862 0.720700 0.291000 28 34 0 0 0.851830 0.148170 0.000000 0.000000
v -1.472482 6.248603 -9.329221 -0.397245 0.303605 -0.866037 0.273400 0.523400 12 11 0 0 0.966024 0.033976 0.000000 0.000000
v 3.774291 62.124790 -1.090650 0.608847 0.047115 -0.791887 0.708824 0.848348 6 5 0 0 0.924478 0.075522 0.000000 0.000000
v 1.178235 60.951191 -1.646421 -0.191830 -0.153554 -0.969341 0.832000 0.533200 6 5 0 0 0.939368 0.060632 0.000000 0.000000
v 0.950063 60.821434 3.770758 -0.259359 -0.232959 0.937264 0.834000 0.535200 6 5 0 0 0.793615 0.206385 0.000000 0.000000
v 4.781690 57.350849 1.826351 0.686947 -0.246801 0.683515 0.697300 0.289100 5 6 27 21 0.517780 0.365884 0.064204 0.052132
v 2.583408 57.886395 1.830725 -0.046538 -0.986949 -0.154160 0.701200 0.351600 5 6 27 21 0.639907 0.181839 0.121631 0.056623
v 4.851632 57.394814 0.409442 0.855723 -0.216611 -0.469913 0.658200 0.289100 5 6 21 27 0.563000 0.330710 0.078863 0.027428
v 2.681999 57.910820 0.150673 0.921322 -0.013371 -0.388570 0.658200 0.353500 5 6 21 4 0.528200 0.301397 0.136597 0.033806
v 5.068628 66.189522 1.342645 0.177854 0.983154 0.042138 0.919900 0.478500 6 0 0 0 1.000000 0.000000 0.000000 0.000000
v 4.197290 65.570755 3.402185 0.691354 -0.220042 0.688195 0.867200 0.494100 6 0 0 0 1.000000 0.000000 0.000000 0.000000
v 4.375989 65.672386 -0.840427 0.766755 -0.224702 -0.601329 0.966800 0.494100 6 0 0 0 1.000000 0.000000 0.000000 0.000000
v 5.068628 66.189522 1.342645 0.177854 0.983154 0.042138 0.919900 0.472700 6 0 0 0 1.000000 0.000000 0.000000 0.000000
v 5.273275 58.971107 1.746720 0.813424 -0.501105 0.295357 0.603500 0.851600 6 5 0 0 0.636838 0.363162 0.000000 0.000000
v 5.161057 58.994911 1.925252 -0.374302 0.299080 0.877753 0.603500 0.851600 6 5 0 0 0.626501 0.373499 0.000000 0.000000
v 5.321896 58.998753 0.592405 -0.122082 -0.991925 -0.034353 0.603500 0.851600 6 5 21 0 0.627719 0.362669 0.009612 0.000000
v 5.226622 59.021427 0.365650 0.139396 -0.483993 -0.863898 0.603500 0.851600 6 5 21 0 0.617306 0.369250 0.013444 0.000000
v 5.270623 58.978569 1.753993 0.856815 0.388262 0.339295 0.603500 0.851600 6 5 21 0 0.611268 0.386369 0.002362 0.000000
v 5.319242 59.006210 0.599678 0.879115 0.443104 -0.175544 0.603500 0.851600 6 5 21 0 0.603426 0.382405 0.014169 0.000000
v -0.602957 39.390984 -5.191350 0.370319 -0.074899 -0.925880 0.470700 0.541000 7 2 1 0 0.743328 0.112358 0.106527 0.037786
v -3.935808 30.496714 -0.644475 -0.157386 -0.232234 0.959842 0.425800 0.980500 8 9 10 0 0.895300 0.052386 0.052314 0.000000
v -0.619498 19.085766 -2.861583 -0.157386 -0.232234 0.959842 0.398400 0.851600 11 10 0 0 0.897125 0.102875 0.000000 0.000000
v 2.454817 30.704165 0.453591 -0.157386 -0.232234 0.959842 0.357400 0.974600 8 15 9 7 0.755601 0.094828 0.090578 0.058994
v -4.203688 40.211464 -3.039757 -0.857083 0.356749 -0.371669 0.576200 0.046900 1 0 2 7 0.426835 0.218117 0.212215 0.142832
v 2.547908 53.893990 -5.542363 0.790893 0.587882 -0.169951 0.418000 0.175800 21 22 33 0 0.808654 0.137865 0.053481 0.000000
v -0.823507 54.573196 -28.507055 -0.771920 -0.482422 -0.414015 0.373000 0.084000 25 26 24 0 0.852330 0.120844 0.026826 0.000000
v 2.547908 53.893990 -5.542363 0.790893 0.587882 -0.169951 0.615200 0.490200 21 22 33 0 0.808654 0.137865 0.053481 0.000000
v 2.547908 53.893990 -5.542363 0.790893 0.587882 -0.169951 0.714800 0.343800 21 22 33 0 0.808654 0.137865 0.053481 0.000000
v -0.661603 49.138943 -6.675558 -0.512003 -0.388756 -0.765977 0.406300 0.080100 33 22 2 21 0.672546 0.171826 0.100514 0.055114
v 6.560048 -1.722363 6.041373 0.914279 0.400830 0.058563 0.726600 0.740200 20 19 0 0 0.900730 0.099270 0.000000 0.000000
v 6.122291 -1.773076 8.731594 -0.023963 -0.997418 0.067701 0.652300 0.365200 20 19 0 0 0.873202 0.126798 0.000000 0.000000
v -2.224820 5.765226 8.667658 -0.457876 0.262623 0.849340 0.654300 0.630900 18 17 0 0 0.958490 0.041510 0.000000 0.000000
v 6.560048 -1.722363 6.041373 0.914279 0.400830 0.058563 0.793000 0.011700 20 19 0 0 0.900730 0.099270 0.000000 0.000000
v -1.920079 5.131809 4.841863 0.072850 0.166621 -0.983326 0.949200 0.132800 18 17 0 0 0.935967 0.064033 0.000000 0.000000
v -2.224820 5.765226 8.667658 -0.457876 0.262623 0.849340 0.949200 0.132800 18 17 0 0 0.958490 0.041510 0.000000 0.000000
v -1.080852 39.209808 6.181890 0.290339 -0.119352 0.949452 0.322300 0.543000 8 15 2 0 0.664556 0.170464 0.128791 0.036189
v -1.920079 5.131809 4.841863 0.072850 0.166621 -0.983326 0.326200 0.992200 18 17 0 0 0.935967 0.064033 0.000000 0.000000
v 6.122291 -1.773076 8.731594 -0.023963 -0.997418 0.067701 0.793000 0.011700 20 19 0 0 0.873202 0.126798 0.000000 0.000000
v -0.266874 10.799978 3.239063 0.621671 -0.066848 -0.780421 0.351600 0.916000 17 18 0 0 0.712419 0.287581 0.000000 0.000000
v -4.500398 39.901752 3.963670 -0.900462 0.320794 0.293699 0.576200 0.046900 8 0 2 15 0.476008 0.230597 0.213278 0.080118
v 1.974820 34.005222 8.862816 -0.118085 0.066954 0.990744 0.132800 0.752000 15 0 0 0 1.000000 0.000000 0.000000 0.000000
v 0.431340 56.464367 3.289314 0.248542 0.703368 0.665958 0.449200 0.013700 4 27 5 6 0.551172 0.291238 0.146065 0.011525
v -2.207919 56.950607 2.489491 -0.580551 0.742676 0.333757 0.826200 0.716800 4 27 5 28 0.651076 0.167647 0.145841 0.035435
v -2.064619 57.032101 -0.912699 -0.548002 0.754401 -0.361349 0.867200 0.707000 4 21 5 6 0.640891 0.209174 0.137406 0.012529
v -2.207919 56.950607 2.489491 -0.580551 0.742676 0.333757 0.976600 0.707000 4 27 5 28 0.651076 0.167647 0.145841 0.035435
v -2.064619 57.032101 -0.912699 -0.548002 0.754401 -0.361349 0.824200 0.712900 4 21 5 6 0.640891 0.209174 0.137406 0.012529
v -1.479709 5.421528 -5.527401 -0.007444 0.122371 0.992456 0.462900 0.990200 12 11 0 0 0.962260 0.037740 0.000000 0.000000
v 0.015915 11.055705 -3.524080 0.559788 -0.100000 0.822580 0.439500 0.916000 11 12 0 0 0.741412 0.258588 0.000000 0.000000
v 1.995818 53.596645 7.569743 0.772335 0.578186 0.263058 0.418000 0.175800 28 27 34 0 0.797625 0.148712 0.053663 0.000000
v -3.300586 53.433598 30.160698 -0.841544 -0.417921 0.342265 0.373000 0.084000 31 32 0 0 0.503387 0.496613 0.000000 0.000000
v -1.795344 51.067387 30.317430 -0.531859 -0.483535 0.695213 0.023400 0.115200 31 32 0 0 0.910970 0.089030 0.000000 0.000000
v -1.283951 48.744766 8.086523 -0.581725 -0.486498 0.651856 0.406300 0.080100 28 34 2 0 0.722458 0.157306 0.120236 0.000000
v 7.081357 -1.415820 -6.332631 0.915404 0.400798 0.037361 0.726600 0.740200 14 0 0 0 1.000000 0.000000 0.000000 0.000000
v -1.472482 6.248603 -9.329221 -0.397245 0.303605 -0.866037 0.654300 0.630900 12 11 0 0 0.966024 0.033976 0.000000 0.000000
v 7.081357 -1.415820 -6.332631 0.915404 0.400798 0.037361 0.793000 0.011700 14 0 0 0 1.000000 0.000000 0.000000 0.000000
v -1.479709 5.421528 -5.527401 -0.007444 0.122371 0.992456 0.949200 0.132800 12 11 0 0 0.962260 0.037740 0.000000 0.000000
v -1.472482 6.248603 -9.329221 -0.397245 0.303605 -0.866037 0.949200 0.132800 12 11 0 0 0.966024 0.033976 0.000000 0.000000
v 6.871670 -1.336872 -9.059596 -0.017396 -0.993132 -0.115703 0.793000 0.011700 14 0 0 0 1.000000 0.000000 0.000000 0.000000
v -2.289427 65.277466 -0.267941 -0.807494 0.452393 -0.378543 0.834000 0.962900 6 5 0 0 0.974508 0.025492 0.000000 0.000000
v -2.403806 65.237709 2.304222 -0.839587 0.445796 0.310418 0.835900 0.962900 6 5 0 0 0.970141 0.029859 0.000000 0.000000
v 4.197290 65.570755 3.402185 0.691354 -0.220042 0.688195 0.752000 0.666000 6 0 0 0 1.000000 0.000000 0.000000 0.000000
v 1.379143 65.927223 4.053225 0.587114 0.200105 0.784382 0.724600 0.986300 6 0 0 0 1.000000 0.000000 0.000000 0.000000
v 3.142987 61.766850 -1.401651 0.351333 0.171291 -0.920448 0.781138 0.557336 6 5 0 0 0.929790 0.070210 0.000000 0.000000
v 2.798465 62.025383 -1.485034 0.351304 0.171290 -0.920459 0.790360 0.564495 6 5 0 0 0.968661 0.031339 0.000000 0.000000
v 2.902060 62.117680 -1.428319 0.352965 0.173718 -0.919368 0.787458 0.567197 6 5 0 0 0.960041 0.039959 0.000000 0.000000
v 3.384710 62.082855 -1.250589 0.350924 0.209022 -0.912777 0.774291 0.566512 6 5 0 0 0.879352 0.120648 0.000000 0.000000
v 3.758148 62.111038 -1.102816 0.384955 0.481885 -0.787144 0.764062 0.567556 6 5 21 0 0.841654 0.156458 0.001887 0.000000
v 3.715977 62.107872 -1.119503 0.270952 0.550347 -0.789749 0.765217 0.567438 6 5 0 0 0.853148 0.146852 0.000000 0.000000
v 3.142987 61.766850 -1.401651 0.351318 0.171262 -0.920459 0.781138 0.557336 6 5 0 0 0.929790 0.070210 0.000000 0.000000
v 2.902060 62.117680 -1.428319 0.352958 0.173580 -0.919397 0.787458 0.567197 6 5 0 0 0.960041 0.039959 0.000000 0.000000
v 3.776340 62.116234 -1.089565 0.449679 0.144108 -0.881489 0.763475 0.567683 6 5 0 0 0.850542 0.149458 0.000000 0.000000
v 3.697996 61.968464 -1.152269 0.471582 0.104722 -0.875582 0.763424 0.567523 6 5 0 0 0.849238 0.150762 0.000000 0.000000
v 3.758148 62.111038 -1.102816 0.384955 0.481885 -0.787144 0.765824 0.563440 6 5 21 0 0.841654 0.156458 0.001887 0.000000
v 3.492910 62.047649 3.536965 0.272139 0.088558 0.958174 0.767911 0.568756 6 5 0 0 0.896237 0.103763 0.000000 0.000000
v 3.274111 61.873508 3.615610 0.275422 0.086341 0.957438 0.773688 0.564135 6 5 0 0 0.886438 0.113562 0.000000 0.000000
v 3.875356 62.089718 3.340850 0.519509 -0.188126 0.833498 0.545426 0.848198 6 5 0 0 0.900119 0.099881 0.000000 0.000000
v 3.881860 62.118843 3.334568 0.489174 0.078127 0.868680 0.546900 0.849600 6 5 0 0 0.900803 0.099197 0.000000 0.000000
v 3.573033 62.046520 3.514980 0.550409 -0.000002 0.834895 0.546900 0.849600 6 5 0 0 0.896999 0.103001 0.000000 0.000000
v 3.632851 61.818165 3.476511 0.642004 0.022657 0.766366 0.547869 0.841841 6 5 0 0 0.889944 0.110056 0.000000 0.000000
v 3.726896 61.922245 3.389409 0.653944 0.040218 0.755473 0.550976 0.845646 6 5 0 0 0.894810 0.105190 0.000000 0.000000
v 3.738937 61.987843 3.375551 0.597679 -0.189552 0.779005 0.551544 0.848047 6 5 0 0 0.895765 0.104235 0.000000 0.000000
v 3.875356 62.089718 3.340850 0.519509 -0.188126 0.833498 0.552811 0.851677 6 5 0 0 0.900119 0.099881 0.000000 0.000000
v 3.573033 62.046520 3.514980 0.550409 -0.000002 0.834895 0.765600 0.568400 6 5 0 0 0.896999 0.103001 0.000000 0.000000
v 3.446288 61.735123 3.578560 0.388104 0.030704 0.921104 0.768802 0.560832 6 5 0 0 0.884976 0.115024 0.000000 0.000000
v 3.455797 61.705242 3.572327 0.489045 -0.025392 0.871889 0.768558 0.560006 6 5 0 0 0.883604 0.116396 0.000000 0.000000
v 3.632851 61.818165 3.476511 0.642004 0.022657 0.766366 0.764143 0.562571 6 5 0 0 0.889944 0.110056 0.000000 0.000000
v 3.492910 62.047649 3.536965 0.272039 0.088599 0.958199 0.767911 0.568756 6 5 0 0 0.896237 0.103763 0.000000 0.000000
v 5.639010 62.475716 0.212030 0.879971 -0.188499 -0.436027 0.665066 0.863071 6 5 0 0 0.922708 0.077292 0.000000 0.000000
v 0.509165 52.595119 31.568928 0.382575 0.868411 -0.315433 0.260900 0.587300 32 0 0 0 1.000000 0.000000 0.000000 0.000000
v 1.181140 52.332771 32.215836 0.676521 0.569785 -0.466545 0.224600 0.611100 32 0 0 0 1.000000 0.000000 0.000000 0.000000
v 0.760362 51.021721 31.830324 0.364827 -0.706682 -0.606219 0.293500 0.623000 32 0 0 0 1.000000 0.000000 0.000000 0.000000
v 2.155213 51.091415 33.328651 0.753801 -0.497390 -0.429403 0.184800 0.682500 32 0 0 0 1.000000 0.000000 0.000000 0.000000
v 2.105412 51.881771 33.617970 0.722424 0.690888 -0.027892 0.173900 0.631000 32 0 0 0 1.000000 0.000000 0.000000 0.000000
v 2.240248 51.049599 34.341213 0.792779 -0.431944 -0.430030 0.159400 0.690500 32 0 0 0 1.000000 0.000000 0.000000 0.000000
v 2.210638 51.520031 34.513474 0.762845 0.643677 -0.061213 0.137700 0.646800 32 0 0 0 1.000000 0.000000 0.000000 0.000000
v 2.587272 50.723824 34.928135 0.740404 -0.495942 -0.453699 0.108700 0.714300 32 0 0 0 1.000000 0.000000 0.000000 0.000000
v 2.533896 51.570663 35.238377 0.678639 0.734409 -0.009656 0.090600 0.662700 32 0 0 0 1.000000 0.000000 0.000000 0.000000
v 2.630538 50.546162 35.744167 0.805926 -0.529090 -0.265605 0.043500 0.730200 32 0 0 0 1.000000 0.000000 0.000000 0.000000
v 2.568336 51.297092 36.023666 0.751260 0.647269 0.129044 0.025400 0.694400 32 0 0 0 1.000000 0.000000 0.000000 0.000000
v 2.774445 50.488438 36.370384 0.757281 -0.652503 0.027671 0.018100 0.742100 32 0 0 0 1.000000 0.000000 0.000000 0.000000
v 2.733032 51.147087 36.611629 0.630089 0.635476 0.446272 0.000000 0.710300 32 0 0 0 1.000000 0.000000 0.000000 0.000000
v 2.496228 50.415485 36.578720 0.053704 -0.820417 0.569238 0.036200 0.773800 32 0 0 0 1.000000 0.000000 0.000000 0.000000
v 2.458512 51.070438 36.834309 -0.007699 0.369273 0.929289 0.014500 0.801600 32 0 0 0 1.000000 0.000000 0.000000 0.000000
v 2.003902 50.456772 36.167351 -0.592731 -0.736546 0.325836 0.072500 0.773800 32 0 0 0 1.000000 0.000000 0.000000 0.000000
v 1.957757 51.190506 36.436062 -0.612172 0.393426 0.685902 0.072500 0.817500 32 0 0 0 1.000000 0.000000 0.000000 0.000000
v 1.641931 50.532719 35.427048 -0.677575 -0.734433 -0.038723 0.112300 0.769800 32 0 0 0 1.000000 0.000000 0.000000 0.000000
v 1.571335 51.415092 35.754704 -0.746809 0.537952 0.391003 0.108700 0.813500 32 0 0 0 1.000000 0.000000 0.000000 0.000000
v 1.617387 50.615459 35.269566 -0.673725 -0.736310 -0.062789 0.134100 0.757900 32 0 0 0 1.000000 0.000000 0.000000 0.000000
v 1.561506 51.409267 35.545395 -0.745029 0.555304 0.369552 0.141300 0.793700 32 0 0 0 1.000000 0.000000 0.000000 0.000000
v 0.961888 51.692856 34.447704 -0.010926 0.025257 0.999621 0.199300 0.769800 32 0 0 0 1.000000 0.000000 0.000000 0.000000
v 0.753273 51.807705 38.444996 0.931380 0.360242 0.052503 0.894900 0.873000 32 0 0 0 1.000000 0.000000 0.000000 0.000000
v 0.543263 52.021809 38.693066 0.193007 0.878255 0.437511 0.876800 0.881000 32 0 0 0 1.000000 0.000000 0.000000 0.000000
v 0.763623 51.735229 38.577152 0.939074 0.333783 0.082030 0.894900 0.881000 32 0 0 0 1.000000 0.000000 0.000000 0.000000
v 0.831776 51.169098 39.650475 0.769987 -0.237214 0.592325 0.898600 0.952400 32 0 0 0 1.000000 0.000000 0.000000 0.000000
v 0.690494 51.394390 39.675842 0.214344 0.685999 0.695315 0.884100 0.944400 32 0 0 0 1.000000 0.000000 0.000000 0.000000
v 0.330859 51.244514 39.691849 -0.382610 0.499570 0.777199 0.858700 0.944400 32 0 0 0 1.000000 0.000000 0.000000 0.000000
v -0.007081 51.805080 38.697460 -0.572846 0.653640 0.494573 0.840600 0.888900 32 0 0 0 1.000000 0.000000 0.000000 0.000000
v 0.356473 52.640232 37.423958 0.176112 0.893722 0.412609 0.862300 0.829400 32 0 0 0 1.000000 0.000000 0.000000 0.000000
v -0.278602 52.384129 37.446793 -0.573044 0.666519 0.476836 0.829700 0.837300 32 0 0 0 1.000000 0.000000 0.000000 0.000000
v 0.190716 53.402321 35.844677 0.096951 0.880282 0.464439 0.858700 0.750000 32 0 0 0 1.000000 0.000000 0.000000 0.000000
v -0.842653 53.086590 35.751682 -0.232188 0.831180 0.505201 0.811600 0.761900 32 0 0 0 1.000000 0.000000 0.000000 0.000000
v -0.241579 53.578453 35.109219 -0.123936 0.971875 0.200249 0.826100 0.742100 32 0 0 0 1.000000 0.000000 0.000000 0.000000
v -1.258585 53.277203 35.008392 -0.230237 0.936351 0.265024 0.764500 0.746000 32 0 0 0 1.000000 0.000000 0.000000 0.000000
v -0.280744 52.629574 31.534452 0.027938 0.995674 0.088616 0.808000 0.587300 32 0 0 0 1.000000 0.000000 0.000000 0.000000
v -2.285991 52.959366 34.555599 -0.233121 0.936169 0.263138 0.713800 0.734100 32 0 0 0 1.000000 0.000000 0.000000 0.000000
v -3.065529 52.708019 33.955784 -0.256210 0.930063 0.263324 0.663000 0.718300 32 0 0 0 1.000000 0.000000 0.000000 0.000000
v -2.946447 52.455364 34.787292 -0.340181 0.811437 0.475233 0.673900 0.757900 32 0 0 0 1.000000 0.000000 0.000000 0.000000
v -3.713122 52.260330 33.960995 -0.736324 0.664561 0.127223 0.626800 0.730200 32 0 0 0 1.000000 0.000000 0.000000 0.000000
v -4.160973 51.583359 35.441677 -0.675981 0.728611 0.110340 0.612300 0.789700 32 0 0 0 1.000000 0.000000 0.000000 0.000000
v -3.723793 51.777977 33.774128 -0.898327 -0.300091 -0.320864 0.597800 0.718300 32 0 0 0 1.000000 0.000000 0.000000 0.000000
v -4.138145 51.267231 35.164948 -0.844108 -0.301991 -0.443039 0.594200 0.769800 32 0 0 0 1.000000 0.000000 0.000000 0.000000
v -2.685555 51.730713 31.160328 -0.604895 -0.549470 -0.576355 0.485500 0.619000 32 0 0 0 1.000000 0.000000 0.000000 0.000000
v -3.186597 51.442871 32.839314 -0.229644 -0.930921 -0.283988 0.514500 0.694400 32 0 0 0 1.000000 0.000000 0.000000 0.000000
v -3.530934 51.856632 32.852295 -0.884652 -0.239219 -0.400207 0.539900 0.674600 32 0 0 0 1.000000 0.000000 0.000000 0.000000
v -3.723793 51.777977 33.774128 -0.898327 -0.300091 -0.320864 0.543500 0.714300 32 0 0 0 1.000000 0.000000 0.000000 0.000000
v -3.517242 51.294415 33.900471 -0.211159 -0.906380 -0.365907 0.518100 0.730200 32 0 0 0 1.000000 0.000000 0.000000 0.000000
v -4.138145 51.267231 35.164948 -0.844108 -0.301991 -0.443039 0.543500 0.781700 32 0 0 0 1.000000 0.000000 0.000000 0.000000
v -3.870732 51.029427 35.009281 -0.122381 -0.904495 -0.408548 0.521700 0.785700 32 0 0 0 1.000000 0.000000 0.000000 0.000000
v -4.214123 51.192081 35.322876 -0.821623 -0.267492 -0.503372 0.543500 0.793700 32 0 0 0 1.000000 0.000000 0.000000 0.000000
v -3.988760 50.908363 35.282928 -0.103467 -0.872586 -0.477377 0.525400 0.801600 32 0 0 0 1.000000 0.000000 0.000000 0.000000
v -4.656935 50.724598 36.286858 -0.849463 -0.278060 -0.448436 0.550700 0.841300 32 0 0 0 1.000000 0.000000 0.000000 0.000000
v -4.388702 50.503059 36.091812 -0.131680 -0.848441 -0.512649 0.532600 0.841300 32 0 0 0 1.000000 0.000000 0.000000 0.000000
v -4.679529 50.663757 36.375298 -0.844650 -0.323265 -0.426693 0.554300 0.849200 32 0 0 0 1.000000 0.000000 0.000000 0.000000
v -4.465435 50.412479 36.252644 -0.153617 -0.829387 -0.537140 0.536200 0.853200 32 0 0 0 1.000000 0.000000 0.000000 0.000000
v -4.790327 50.061916 37.043621 -0.162880 -0.924193 -0.345452 0.543500 0.900800 32 0 0 0 1.000000 0.000000 0.000000 0.000000
v -4.443118 50.165455 36.710526 0.241044 -0.911421 -0.333481 0.529000 0.877000 32 0 0 0 1.000000 0.000000 0.000000 0.000000
v -4.511193 50.133179 37.231995 0.476096 -0.879384 -0.004004 0.518100 0.904800 32 0 0 0 1.000000 0.000000 0.000000 0.000000
v -4.095970 50.509712 36.497562 0.652460 -0.749438 -0.112423 0.507200 0.861100 32 0 0 0 1.000000 0.000000 0.000000 0.000000
v -4.090699 50.823711 36.757301 0.838860 0.019199 0.544009 0.489100 0.869000 32 0 0 0 1.000000 0.000000 0.000000 0.000000
v -4.049787 50.889481 36.699409 0.837855 0.127497 0.530795 0.485500 0.857100 32 0 0 0 1.000000 0.000000 0.000000 0.000000
v -3.128433 50.778957 36.439877 -0.121444 -0.860482 -0.494796 0.452900 0.841300 32 0 0 0 1.000000 0.000000 0.000000 0.000000
v -2.572327 50.922935 36.675919 0.594180 -0.770699 -0.230158 0.420300 0.849200 32 0 0 0 1.000000 0.000000 0.000000 0.000000
v -3.455791 50.175217 37.591137 -0.094658 -0.866881 -0.489445 0.460100 0.904800 32 0 0 0 1.000000 0.000000 0.000000 0.000000
v -2.955204 50.304829 37.803635 0.583923 -0.774101 -0.244545 0.427500 0.908700 32 0 0 0 1.000000 0.000000 0.000000 0.000000
v -2.907185 50.598026 38.207764 0.862040 0.214254 0.459328 0.409400 0.912700 32 0 0 0 1.000000 0.000000 0.000000 0.000000
v -3.028154 50.175522 38.024990 0.601470 -0.769535 -0.214592 0.431200 0.920600 32 0 0 0 1.000000 0.000000 0.000000 0.000000
v -2.954737 50.529087 38.295902 0.849692 0.142178 0.507749 0.409400 0.920600 32 0 0 0 1.000000 0.000000 0.000000 0.000000
v -3.434110 49.761761 38.959217 0.426600 -0.904356 0.012384 0.434800 0.964300 32 0 0 0 1.000000 0.000000 0.000000 0.000000
v -3.427457 49.903835 39.250530 0.438446 -0.318146 0.840564 0.427500 0.984100 32 0 0 0 1.000000 0.000000 0.000000 0.000000
v -3.781034 49.672173 38.809780 -0.117653 -0.966416 -0.228468 0.467400 0.964300 32 0 0 0 1.000000 0.000000 0.000000 0.000000
v -3.990141 49.743683 39.036388 -0.712076 -0.603797 0.358297 0.481900 0.980200 32 0 0 0 1.000000 0.000000 0.000000 0.000000
v -3.531509 50.038139 37.822105 -0.134296 -0.858076 -0.495652 0.463800 0.916700 32 0 0 0 1.000000 0.000000 0.000000 0.000000
v -3.801217 50.310307 37.931293 -0.904946 -0.309461 -0.292074 0.481900 0.912700 32 0 0 0 1.000000 0.000000 0.000000 0.000000
v -3.784902 50.388832 37.790913 -0.906308 -0.277818 -0.318469 0.478300 0.904800 32 0 0 0 1.000000 0.000000 0.000000 0.000000
v -3.388852 51.069946 36.520267 -0.888540 -0.216231 -0.404648 0.471000 0.841300 32 0 0 0 1.000000 0.000000 0.000000 0.000000
v -3.033385 50.936802 36.147903 -0.143811 -0.851234 -0.504698 0.449300 0.829400 32 0 0 0 1.000000 0.000000 0.000000 0.000000
v -3.331241 51.143787 36.389378 -0.873286 -0.243043 -0.422257 0.467400 0.825400 32 0 0 0 1.000000 0.000000 0.000000 0.000000
v -2.946447 52.455364 34.787292 -0.340181 0.811437 0.475233 0.463800 0.754000 32 0 0 0 1.000000 0.000000 0.000000 0.000000
v 2.338406 50.258369 35.747414 0.148606 -0.966672 -0.208475 0.072500 0.750000 32 0 0 0 1.000000 0.000000 0.000000 0.000000
v 2.183810 50.396629 35.051418 0.081198 -0.911443 -0.403334 0.112300 0.734100 32 0 0 0 1.000000 0.000000 0.000000 0.000000
v 2.129919 50.463696 34.945736 0.055431 -0.896030 -0.440521 0.134100 0.722200 32 0 0 0 1.000000 0.000000 0.000000 0.000000
v 1.600545 50.697098 33.742805 0.180686 -0.962270 -0.203441 0.199300 0.710300 32 0 0 0 1.000000 0.000000 0.000000 0.000000
v 1.354912 50.587181 33.329872 0.110870 -0.963726 -0.242777 0.239100 0.690500 32 0 0 0 1.000000 0.000000 0.000000 0.000000
v 0.172703 51.176712 31.286629 0.157332 -0.657572 -0.736781 0.333300 0.658700 32 0 0 0 1.000000 0.000000 0.000000 0.000000
v 0.509165 52.595119 31.568928 0.382575 0.868411 -0.315433 0.329700 0.579400 32 0 0 0 1.000000 0.000000 0.000000 0.000000
v -1.397035 51.460621 31.254116 -0.055375 -0.933960 -0.353061 0.394900 0.623000 32 0 0 0 1.000000 0.000000 0.000000 0.000000
v -1.397035 51.460621 31.254116 -0.055375 -0.933960 -0.353061 0.456500 0.619000 32 0 0 0 1.000000 0.000000 0.000000 0.000000
v 1.015323 50.845963 34.137547 -0.251469 -0.911441 0.325637 0.202900 0.730200 32 0 0 0 1.000000 0.000000 0.000000 0.000000
v 0.643873 50.856827 34.169647 -0.199506 -0.876141 0.438833 0.250000 0.718300 32 0 0 0 1.000000 0.000000 0.000000 0.000000
v 0.302254 52.497974 35.262615 0.593810 -0.790324 0.150919 0.260900 0.742100 32 0 0 0 1.000000 0.000000 0.000000 0.000000
v -0.912528 51.296143 32.819580 -0.127684 -0.988244 -0.084093 0.358700 0.702400 32 0 0 0 1.000000 0.000000 0.000000 0.000000
v -0.563420 52.206512 34.784279 0.154519 -0.987200 -0.039494 0.333300 0.750000 32 0 0 0 1.000000 0.000000 0.000000 0.000000
v -1.572880 51.901112 34.519306 0.171713 -0.980380 -0.096795 0.402200 0.738100 32 0 0 0 1.000000 0.000000 0.000000 0.000000
v -0.791843 52.081848 35.733597 0.500972 -0.860741 -0.090286 0.344200 0.777800 32 0 0 0 1.000000 0.000000 0.000000 0.000000
v -1.533663 51.819714 35.620865 -0.062597 -0.978700 -0.195518 0.376800 0.781700 32 0 0 0 1.000000 0.000000 0.000000 0.000000
v -1.441353 51.229088 36.878590 -0.121182 -0.893752 -0.431883 0.373200 0.837300 32 0 0 0 1.000000 0.000000 0.000000 0.000000
v -1.737703 51.427746 37.209076 -0.923615 -0.372385 -0.090910 0.394900 0.841300 32 0 0 0 1.000000 0.000000 0.000000 0.000000
v -1.737556 51.338230 37.390110 -0.945133 -0.306887 -0.111995 0.394900 0.853200 32 0 0 0 1.000000 0.000000 0.000000 0.000000
v 0.490703 53.011475 35.836189 0.945078 0.323513 0.046554 0.250000 0.757900 32 0 0 0 1.000000 0.000000 0.000000 0.000000
v 0.482369 52.094151 36.855145 0.614503 -0.698696 -0.366347 0.260900 0.817500 32 0 0 0 1.000000 0.000000 0.000000 0.000000
v 0.443529 52.459457 35.686279 0.675875 -0.649060 -0.349163 0.268100 0.765900 32 0 0 0 1.000000 0.000000 0.000000 0.000000
v -0.154843 51.843826 36.863945 -0.153832 -0.923321 -0.351873 0.297100 0.825400 32 0 0 0 1.000000 0.000000 0.000000 0.000000
v 0.515232 51.967415 37.141525 0.607069 -0.672445 -0.423420 0.260900 0.833300 32 0 0 0 1.000000 0.000000 0.000000 0.000000
v -0.102945 51.709290 37.173687 -0.173784 -0.905051 -0.388178 0.293500 0.841300 32 0 0 0 1.000000 0.000000 0.000000 0.000000
v 0.685482 51.487400 38.149097 0.637308 -0.644305 -0.422741 0.250000 0.881000 32 0 0 0 1.000000 0.000000 0.000000 0.000000
v 0.077216 51.247875 38.153999 -0.198549 -0.902951 -0.381127 0.286200 0.888900 32 0 0 0 1.000000 0.000000 0.000000 0.000000
v 0.714711 51.362206 38.392693 0.648743 -0.646993 -0.400666 0.246400 0.896800 32 0 0 0 1.000000 0.000000 0.000000 0.000000
v 0.137909 51.126888 38.410542 -0.199006 -0.913805 -0.354057 0.282600 0.900800 32 0 0 0 1.000000 0.000000 0.000000 0.000000
v 0.512153 50.995148 38.857086 0.226138 -0.903905 -0.363067 0.257200 0.924600 32 0 0 0 1.000000 0.000000 0.000000 0.000000
v 0.353991 50.882893 39.375340 -0.081119 -0.984668 -0.154433 0.264500 0.952400 32 0 0 0 1.000000 0.000000 0.000000 0.000000
v 0.774075 51.048267 39.372002 0.605848 -0.776835 -0.171686 0.235500 0.944400 32 0 0 0 1.000000 0.000000 0.000000 0.000000
v 0.831776 51.169098 39.650475 0.769987 -0.237214 0.592325 0.217400 0.960300 32 0 0 0 1.000000 0.000000 0.000000 0.000000
v 0.763623 51.735229 38.577152 0.939074 0.333783 0.082030 0.224600 0.888900 32 0 0 0 1.000000 0.000000 0.000000 0.000000
v -0.842653 53.086590 35.751682 -0.232188 0.831180 0.505201 0.329700 0.773800 32 0 0 0 1.000000 0.000000 0.000000 0.000000
v -0.690933 51.803715 37.357018 0.931053 0.321361 0.172822 0.322500 0.833300 32 0 0 0 1.000000 0.000000 0.000000 0.000000
v -0.844760 51.437065 36.974548 0.562235 -0.736529 -0.376054 0.340600 0.837300 32 0 0 0 1.000000 0.000000 0.000000 0.000000
v -0.691129 51.715588 37.538776 0.919648 0.362503 0.151124 0.318800 0.849200 32 0 0 0 1.000000 0.000000 0.000000 0.000000
v -0.851763 51.260117 37.314091 0.559721 -0.735093 -0.382558 0.340600 0.853200 32 0 0 0 1.000000 0.000000 0.000000 0.000000
v -0.825395 50.690338 38.534779 0.596100 -0.715740 -0.363843 0.333300 0.916700 32 0 0 0 1.000000 0.000000 0.000000 0.000000
v -1.406559 50.480076 38.453743 -0.144791 -0.897859 -0.415794 0.369600 0.916700 32 0 0 0 1.000000 0.000000 0.000000 0.000000
v -0.840965 50.544518 38.807858 0.583584 -0.732105 -0.351359 0.333300 0.928600 32 0 0 0 1.000000 0.000000 0.000000 0.000000
v -1.396773 50.350899 38.754990 -0.160186 -0.906433 -0.390794 0.369600 0.932500 32 0 0 0 1.000000 0.000000 0.000000 0.000000
v -1.091482 50.184380 39.291164 0.229632 -0.900942 -0.368201 0.351400 0.952400 32 0 0 0 1.000000 0.000000 0.000000 0.000000
v -1.295126 50.013935 39.823853 -0.051973 -0.969314 -0.240269 0.358700 0.976200 32 0 0 0 1.000000 0.000000 0.000000 0.000000
v -0.888866 50.163246 39.879593 0.520788 -0.831575 -0.193034 0.333300 0.972200 32 0 0 0 1.000000 0.000000 0.000000 0.000000
v -1.445045 50.037060 40.162266 -0.504645 -0.647282 0.571279 0.373200 1.000000 32 0 0 0 1.000000 0.000000 0.000000 0.000000
v -0.806963 50.279381 40.236671 0.660628 -0.210658 0.720551 0.315200 0.996000 32 0 0 0 1.000000 0.000000 0.000000 0.000000
v -2.186946 52.764622 31.498251 -0.191529 0.964443 -0.182118 0.688400 0.587300 32 0 0 0 1.000000 0.000000 0.000000 0.000000
v -2.522916 52.864388 31.880081 -0.356463 0.928903 -0.100369 0.670300 0.631000 32 0 0 0 1.000000 0.000000 0.000000 0.000000
v -3.456905 52.569218 33.331409 -0.606924 0.794657 0.012787 0.630400 0.698400 32 0 0 0 1.000000 0.000000 0.000000 0.000000
v -3.530934 51.856632 32.852295 -0.884652 -0.239219 -0.400207 0.597800 0.670600 32 0 0 0 1.000000 0.000000 0.000000 0.000000
v -2.391976 51.634483 33.825371 0.122531 -0.982215 -0.142268 0.471000 0.714300 32 0 0 0 1.000000 0.000000 0.000000 0.000000
v -3.122876 51.346783 34.590977 0.343049 -0.939312 0.003204 0.481900 0.746000 32 0 0 0 1.000000 0.000000 0.000000 0.000000
v -3.478316 51.138386 35.274475 0.567648 -0.820006 -0.073256 0.496400 0.793700 32 0 0 0 1.000000 0.000000 0.000000 0.000000
v -3.620615 51.009281 35.529652 0.589260 -0.800830 -0.106979 0.500000 0.805600 32 0 0 0 1.000000 0.000000 0.000000 0.000000
v -4.013909 50.601433 36.359116 0.651506 -0.752429 -0.096905 0.507200 0.849200 32 0 0 0 1.000000 0.000000 0.000000 0.000000
v -2.673069 51.498066 35.000866 -0.192211 -0.946414 -0.259529 0.445700 0.761900 32 0 0 0 1.000000 0.000000 0.000000 0.000000
v -2.091160 51.564373 35.408413 0.464111 -0.883970 -0.056550 0.409400 0.773800 32 0 0 0 1.000000 0.000000 0.000000 0.000000
v -2.470017 51.077995 36.409340 0.597245 -0.777032 -0.198799 0.416700 0.833300 32 0 0 0 1.000000 0.000000 0.000000 0.000000
v -2.449477 51.368137 36.790352 0.877896 0.200910 0.434664 0.398600 0.841300 32 0 0 0 1.000000 0.000000 0.000000 0.000000
v -2.485141 51.303692 36.903744 0.888214 0.240756 0.391296 0.402200 0.853200 32 0 0 0 1.000000 0.000000 0.000000 0.000000
v -2.008923 52.547688 35.513481 -0.289674 0.775916 0.560396 0.742800 0.773800 32 0 0 0 1.000000 0.000000 0.000000 0.000000
v -1.625903 51.796284 37.509605 -0.578981 0.705649 0.408462 0.757200 0.857100 32 0 0 0 1.000000 0.000000 0.000000 0.000000
v -1.040348 51.995956 37.567730 0.070488 0.881597 0.466710 0.789900 0.857100 32 0 0 0 1.000000 0.000000 0.000000 0.000000
v -1.600833 51.035595 39.037457 -0.591099 0.680287 0.433373 0.753600 0.928600 32 0 0 0 1.000000 0.000000 0.000000 0.000000
v -1.009832 51.211250 39.101212 0.078143 0.874324 0.479010 0.793500 0.928600 32 0 0 0 1.000000 0.000000 0.000000 0.000000
v -1.432658 50.350090 40.107311 -0.553384 0.549773 0.625712 0.760900 0.988100 32 0 0 0 1.000000 0.000000 0.000000 0.000000
v -0.982242 50.507397 40.182011 0.047162 0.729344 0.682520 0.789900 0.992100 32 0 0 0 1.000000 0.000000 0.000000 0.000000
v -1.445045 50.037060 40.162266 -0.504645 -0.647282 0.571279 0.750000 1.000000 32 0 0 0 1.000000 0.000000 0.000000 0.000000
v -0.806963 50.279381 40.236671 0.660628 -0.210658 0.720551 0.808000 1.000000 32 0 0 0 1.000000 0.000000 0.000000 0.000000
v 0.490703 53.011475 35.836189 0.945078 0.323513 0.046554 0.865900 0.738100 32 0 0 0 1.000000 0.000000 0.000000 0.000000
v 0.302254 52.497974 35.262615 0.593810 -0.790324 0.150919 0.855100 0.742100 32 0 0 0 1.000000 0.000000 0.000000 0.000000
v 0.428925 53.540665 35.456329 0.478438 0.749152 0.458114 0.880400 0.750000 32 0 0 0 1.000000 0.000000 0.000000 0.000000
v 0.547283 53.587578 35.260822 0.466946 0.788958 0.399383 0.894900 0.742100 32 0 0 0 1.000000 0.000000 0.000000 0.000000
v 0.961888 51.692856 34.447704 -0.010926 0.025257 0.999621 0.858700 0.734100 32 0 0 0 1.000000 0.000000 0.000000 0.000000
v 1.526851 52.092060 34.246643 0.358030 0.842393 0.402725 0.884100 0.698400 32 0 0 0 1.000000 0.000000 0.000000 0.000000
v 1.561506 51.409267 35.545395 -0.745029 0.555304 0.369552 0.898600 0.765900 32 0 0 0 1.000000 0.000000 0.000000 0.000000
v 2.050393 51.724594 35.407501 -0.042306 0.973129 0.226342 0.909400 0.738100 32 0 0 0 1.000000 0.000000 0.000000 0.000000
v 2.084768 51.730965 35.544502 -0.032155 0.960760 0.275509 0.934800 0.757900 32 0 0 0 1.000000 0.000000 0.000000 0.000000
v 2.533896 51.570663 35.238377 0.678639 0.734409 -0.009656 0.963800 0.746000 32 0 0 0 1.000000 0.000000 0.000000 0.000000
v 2.568336 51.297092 36.023666 0.751260 0.647269 0.129044 0.989100 0.765900 32 0 0 0 1.000000 0.000000 0.000000 0.000000
v -1.682117 50.617302 38.921844 -0.921817 -0.385507 -0.040462 0.391300 0.928600 32 0 0 0 1.000000 0.000000 0.000000 0.000000
v -1.690569 50.690479 38.793175 -0.940170 -0.328288 -0.091145 0.391300 0.916700 32 0 0 0 1.000000 0.000000 0.000000 0.000000
v -1.447533 51.044357 37.231312 -0.148576 -0.887747 -0.435696 0.373200 0.853200 32 0 0 0 1.000000 0.000000 0.000000 0.000000
v -4.049787 50.889481 36.699409 0.837855 0.127497 0.530795 0.648600 0.853200 32 0 0 0 1.000000 0.000000 0.000000 0.000000
v -4.254745 51.156338 36.834896 0.125767 0.793669 0.595208 0.630400 0.849200 32 0 0 0 1.000000 0.000000 0.000000 0.000000
v -4.090699 50.823711 36.757301 0.838860 0.019199 0.544009 0.644900 0.861100 32 0 0 0 1.000000 0.000000 0.000000 0.000000
v -4.560009 50.183556 37.475689 0.339189 -0.518561 0.784885 0.608700 0.920600 32 0 0 0 1.000000 0.000000 0.000000 0.000000
v -4.680969 50.433411 37.491848 -0.122658 0.494114 0.860701 0.605100 0.896800 32 0 0 0 1.000000 0.000000 0.000000 0.000000
v -4.942331 50.082726 37.222733 -0.650712 -0.749975 0.118789 0.572500 0.904800 32 0 0 0 1.000000 0.000000 0.000000 0.000000
v -4.955280 50.372379 37.292683 -0.815099 0.366488 0.448664 0.583300 0.888900 32 0 0 0 1.000000 0.000000 0.000000 0.000000
v -4.679529 50.663757 36.375298 -0.844650 -0.323265 -0.426693 0.579700 0.829400 32 0 0 0 1.000000 0.000000 0.000000 0.000000
v -4.681138 51.043194 36.535309 -0.707346 0.689204 0.157033 0.597800 0.837300 32 0 0 0 1.000000 0.000000 0.000000 0.000000
v -4.656935 50.724598 36.286858 -0.849463 -0.278060 -0.448436 0.587000 0.817500 32 0 0 0 1.000000 0.000000 0.000000 0.000000
v -4.214123 51.192081 35.322876 -0.821623 -0.267492 -0.503372 0.587000 0.785700 32 0 0 0 1.000000 0.000000 0.000000 0.000000
v -3.427457 49.903835 39.250530 0.438446 -0.318146 0.840564 0.681200 0.984100 32 0 0 0 1.000000 0.000000 0.000000 0.000000
v -3.563797 50.191505 39.220562 -0.004431 0.645921 0.763391 0.677500 0.964300 32 0 0 0 1.000000 0.000000 0.000000 0.000000
v -3.990141 49.743683 39.036388 -0.712076 -0.603797 0.358297 0.634100 0.972200 32 0 0 0 1.000000 0.000000 0.000000 0.000000
v -3.924578 50.098385 39.065170 -0.633014 0.553966 0.540754 0.652200 0.956300 32 0 0 0 1.000000 0.000000 0.000000 0.000000
v -3.206863 50.835892 38.320847 0.082694 0.841928 0.533216 0.695700 0.912700 32 0 0 0 1.000000 0.000000 0.000000 0.000000
v -3.717289 50.709801 38.089394 -0.615669 0.738124 0.275907 0.659400 0.900800 32 0 0 0 1.000000 0.000000 0.000000 0.000000
v -2.740745 51.600468 36.920788 0.075882 0.853532 0.515485 0.710100 0.845200 32 0 0 0 1.000000 0.000000 0.000000 0.000000
v -3.299925 51.466469 36.646332 -0.628717 0.739203 0.241441 0.681200 0.837300 32 0 0 0 1.000000 0.000000 0.000000 0.000000
v -3.754272 51.711655 35.742180 0.050465 0.840209 0.539909 0.641300 0.805600 32 0 0 0 1.000000 0.000000 0.000000 0.000000
v -3.481772 51.439831 35.647594 0.802118 0.068116 0.593268 0.663000 0.805600 32 0 0 0 1.000000 0.000000 0.000000 0.000000
v -3.574472 51.361805 35.772205 0.820000 0.130336 0.557326 0.655800 0.817500 32 0 0 0 1.000000 0.000000 0.000000 0.000000
v -0.345587 51.973850 37.349449 -0.921724 -0.382762 0.062596 0.315200 0.845200 32 0 0 0 1.000000 0.000000 0.000000 0.000000
v -0.108796 51.446091 38.492840 -0.946390 -0.315177 0.070780 0.308000 0.892900 32 0 0 0 1.000000 0.000000 0.000000 0.000000
v -0.090859 51.398754 38.584049 -0.929426 -0.349620 0.118042 0.304300 0.904800 32 0 0 0 1.000000 0.000000 0.000000 0.000000
v 0.269406 50.939442 39.668251 -0.446472 -0.648577 0.616450 0.271700 0.972200 32 0 0 0 1.000000 0.000000 0.000000 0.000000
v 0.269406 50.939442 39.668251 -0.446472 -0.648577 0.616450 0.847800 0.960300 32 0 0 0 1.000000 0.000000 0.000000 0.000000
v -0.090859 51.398754 38.584049 -0.929426 -0.349620 0.118042 0.822500 0.892900 32 0 0 0 1.000000 0.000000 0.000000 0.000000
v -0.108796 51.446091 38.492840 -0.946390 -0.315177 0.070780 0.822500 0.888900 32 0 0 0 1.000000 0.000000 0.000000 0.000000
v -0.345587 51.973850 37.349449 -0.921724 -0.382762 0.062596 0.815200 0.841300 32 0 0 0 1.000000 0.000000 0.000000 0.000000
v -0.382997 52.029003 37.225124 -0.896000 -0.434447 0.091872 0.815200 0.833300 32 0 0 0 1.000000 0.000000 0.000000 0.000000
v -0.690933 51.803715 37.357018 0.931053 0.321361 0.172822 0.815200 0.857100 32 0 0 0 1.000000 0.000000 0.000000 0.000000
v -0.691129 51.715588 37.538776 0.919648 0.362503 0.151124 0.815200 0.865100 32 0 0 0 1.000000 0.000000 0.000000 0.000000
v -0.703201 51.059052 38.907318 0.895635 0.396469 0.201619 0.815200 0.924600 32 0 0 0 1.000000 0.000000 0.000000 0.000000
v -0.709603 50.974346 39.055065 0.908471 0.349456 0.229262 0.811600 0.932500 32 0 0 0 1.000000 0.000000 0.000000 0.000000
v -0.349953 52.217548 35.846664 -0.143385 -0.981119 -0.129792 0.308000 0.773800 32 0 0 0 1.000000 0.000000 0.000000 0.000000
v -0.382997 52.029003 37.225124 -0.896000 -0.434447 0.091872 0.315200 0.833300 32 0 0 0 1.000000 0.000000 0.000000 0.000000
v 0.428925 53.540665 35.456329 0.478438 0.749152 0.458114 0.876800 0.750000 32 0 0 0 1.000000 0.000000 0.000000 0.000000
v 0.580819 52.427185 37.169628 0.948135 0.311699 0.062320 0.876800 0.821400 32 0 0 0 1.000000 0.000000 0.000000 0.000000
v -0.709603 50.974346 39.055065 0.908471 0.349456 0.229262 0.315200 0.928600 32 0 0 0 1.000000 0.000000 0.000000 0.000000
v -0.703201 51.059052 38.907318 0.895635 0.396469 0.201619 0.315200 0.916700 32 0 0 0 1.000000 0.000000 0.000000 0.000000
v 0.753273 51.807705 38.444996 0.931380 0.360242 0.052503 0.228300 0.877000 32 0 0 0 1.000000 0.000000 0.000000 0.000000
v 0.586638 52.370392 37.287369 0.940188 0.338777 0.035739 0.235500 0.829400 32 0 0 0 1.000000 0.000000 0.000000 0.000000
v 2.257877 51.537968 36.216026 0.078099 0.903091 0.422288 0.956500 0.777800 32 0 0 0 1.000000 0.000000 0.000000 0.000000
v 2.458512 51.070438 36.834309 -0.007699 0.369273 0.929289 0.974600 0.801600 32 0 0 0 1.000000 0.000000 0.000000 0.000000
v 1.957757 51.190506 36.436062 -0.612172 0.393426 0.685902 0.942000 0.793700 32 0 0 0 1.000000 0.000000 0.000000 0.000000
v 1.571335 51.415092 35.754704 -0.746809 0.537952 0.391003 0.909400 0.777800 32 0 0 0 1.000000 0.000000 0.000000 0.000000
v -3.404238 49.808239 38.384609 0.247378 -0.913438 -0.323164 0.449300 0.940500 32 0 0 0 1.000000 0.000000 0.000000 0.000000
v -1.682117 50.617302 38.921844 -0.921817 -0.385507 -0.040462 0.735500 0.932500 32 0 0 0 1.000000 0.000000 0.000000 0.000000
v -1.690569 50.690479 38.793175 -0.940170 -0.328288 -0.091145 0.731900 0.920600 32 0 0 0 1.000000 0.000000 0.000000 0.000000
v -1.737556 51.338230 37.390110 -0.945133 -0.306887 -0.111995 0.735500 0.861100 32 0 0 0 1.000000 0.000000 0.000000 0.000000
v -3.801217 50.310307 37.931293 -0.904946 -0.309461 -0.292074 0.637700 0.900800 32 0 0 0 1.000000 0.000000 0.000000 0.000000
v -3.784902 50.388832 37.790913 -0.906308 -0.277818 -0.318469 0.641300 0.884900 32 0 0 0 1.000000 0.000000 0.000000 0.000000
v -3.388852 51.069946 36.520267 -0.888540 -0.216231 -0.404648 0.659400 0.833300 32 0 0 0 1.000000 0.000000 0.000000 0.000000
v -3.331241 51.143787 36.389378 -0.873286 -0.243043 -0.422257 0.663000 0.817500 32 0 0 0 1.000000 0.000000 0.000000 0.000000
v -2.449477 51.368137 36.790352 0.877896 0.200910 0.434664 0.735500 0.845200 32 0 0 0 1.000000 0.000000 0.000000 0.000000
v -2.485141 51.303692 36.903744 0.888214 0.240756 0.391296 0.735500 0.853200 32 0 0 0 1.000000 0.000000 0.000000 0.000000
v -2.907185 50.598026 38.207764 0.862040 0.214254 0.459328 0.724600 0.916700 32 0 0 0 1.000000 0.000000 0.000000 0.000000
v -2.954737 50.529087 38.295902 0.849692 0.142178 0.507749 0.721000 0.924600 32 0 0 0 1.000000 0.000000 0.000000 0.000000
v -2.685555 51.730713 31.160328 -0.604895 -0.549470 -0.576355 0.608700 0.619000 32 0 0 0 1.000000 0.000000 0.000000 0.000000
v -2.685555 51.730713 31.160328 -0.604895 -0.549470 -0.576355 0.615900 0.579400 32 0 0 0 1.000000 0.000000 0.000000 0.000000
v 0.586638 52.370392 37.287369 0.940188 0.338777 0.035739 0.880400 0.829400 32 0 0 0 1.000000 0.000000 0.000000 0.000000
v -4.942331 50.082726 37.222733 -0.650712 -0.749975 0.118789 0.554300 0.912700 32 0 0 0 1.000000 0.000000 0.000000 0.000000
v -4.560009 50.183556 37.475689 0.339189 -0.518561 0.784885 0.510900 0.924600 32 0 0 0 1.000000 0.000000 0.000000 0.000000
v -3.574472 51.361805 35.772205 0.820000 0.130336 0.557326 0.474600 0.817500 32 0 0 0 1.000000 0.000000 0.000000 0.000000
v -3.481772 51.439831 35.647594 0.802118 0.068116 0.593268 0.471000 0.801600 32 0 0 0 1.000000 0.000000 0.000000 0.000000
v 1.181140 52.332771 32.215836 0.676521 0.569785 -0.466545 0.224600 0.615100 32 0 0 0 1.000000 0.000000 0.000000 0.000000
v 1.526851 52.092060 34.246643 0.358030 0.842393 0.402725 0.130400 0.603200 32 0 0 0 1.000000 0.000000 0.000000 0.000000
v 0.547283 53.587578 35.260822 0.466946 0.788958 0.399383 0.101400 0.555600 32 0 0 0 1.000000 0.000000 0.000000 0.000000
v -0.280744 52.629574 31.534452 0.027938 0.995674 0.088616 0.202900 0.507900 32 0 0 0 1.000000 0.000000 0.000000 0.000000
v 0.509165 52.595119 31.568928 0.382575 0.868411 -0.315433 0.257200 0.587300 32 0 0 0 1.000000 0.000000 0.000000 0.000000
v 0.580819 52.427185 37.169628 0.948135 0.311699 0.062320 0.239100 0.817500 32 0 0 0 1.000000 0.000000 0.000000 0.000000
v 2.210638 51.520031 34.513474 0.762845 0.643677 -0.061213 0.916700 0.702400 32 0 0 0 1.000000 0.000000 0.000000 0.000000
v -1.737703 51.427746 37.209076 -0.923615 -0.372385 -0.090910 0.735500 0.849200 32 0 0 0 1.000000 0.000000 0.000000 0.000000
v -2.008923 52.547688 35.513481 -0.289674 0.775916 0.560396 0.394900 0.777800 32 0 0 0 1.000000 0.000000 0.000000 0.000000
v -0.791843 52.081848 35.733597 0.500972 -0.860741 -0.090286 0.934800 0.825400 32 0 0 0 1.000000 0.000000 0.000000 0.000000
v -0.349953 52.217548 35.846664 -0.143385 -0.981119 -0.129792 0.905800 0.829400 32 0 0 0 1.000000 0.000000 0.000000 0.000000
v -0.842653 53.086590 35.751682 -0.232188 0.831180 0.505201 0.891300 0.781700 32 0 0 0 1.000000 0.000000 0.000000 0.000000
v -2.091160 51.564373 35.408413 0.464111 -0.883970 -0.056550 0.931200 0.829400 32 0 0 0 1.000000 0.000000 0.000000 0.000000
v -1.533663 51.819714 35.620865 -0.062597 -0.978700 -0.195518 0.905800 0.829400 32 0 0 0 1.000000 0.000000 0.000000 0.000000
v -2.008923 52.547688 35.513481 -0.289674 0.775916 0.560396 0.891300 0.781700 32 0 0 0 1.000000 0.000000 0.000000 0.000000
v -3.122876 51.346783 34.590977 0.343049 -0.939312 0.003204 0.934800 0.825400 32 0 0 0 1.000000 0.000000 0.000000 0.000000
v -2.673069 51.498066 35.000866 -0.192211 -0.946414 -0.259529 0.902200 0.833300 32 0 0 0 1.000000 0.000000 0.000000 0.000000
v -2.946447 52.455364 34.787292 -0.340181 0.811437 0.475233 0.891300 0.781700 32 0 0 0 1.000000 0.000000 0.000000 0.000000
v 1.526851 52.092060 34.246643 0.358030 0.842393 0.402725 0.123200 0.607100 32 0 0 0 1.000000 0.000000 0.000000 0.000000
v 2.210638 51.520031 34.513474 0.762845 0.643677 -0.061213 0.141300 0.646800 32 0 0 0 1.000000 0.000000 0.000000 0.000000
v 2.733032 51.147087 36.611629 0.630089 0.635476 0.446272 0.989100 0.793700 32 0 0 0 1.000000 0.000000 0.000000 0.000000
v -2.008923 52.547688 35.513481 -0.289674 0.775916 0.560396 0.746400 0.773800 32 0 0 0 1.000000 0.000000 0.000000 0.000000
v -2.740745 51.600468 36.920788 0.075882 0.853532 0.515485 0.706500 0.845200 32 0 0 0 1.000000 0.000000 0.000000 0.000000
v 5.862367 61.674229 -0.209876 0.999798 -0.019351 -0.005424 0.000000 0.015600 5 6 0 0 0.656525 0.343475 0.000000 0.000000
v 5.695622 60.921101 0.434917 0.950673 -0.278496 0.136603 0.000000 0.015600 5 6 0 0 0.656525 0.343475 0.000000 0.000000
v 5.706884 61.009525 -0.831158 0.951932 -0.260148 -0.161706 0.000000 0.015600 5 6 0 0 0.656525 0.343475 0.000000 0.000000
v 5.765003 61.751839 0.782517 0.275222 -0.039588 0.960565 0.000000 0.015600 5 6 0 0 0.656522 0.343478 0.000000 0.000000
v 5.733739 62.214462 0.599444 0.328975 0.777314 0.536245 0.000000 0.015600 5 6 0 0 0.656533 0.343467 0.000000 0.000000
v 5.755086 62.326710 -0.828024 0.965273 0.223972 -0.134481 0.000000 0.015600 5 6 0 0 0.656520 0.343480 0.000000 0.000000
v 5.751721 61.748142 -1.034863 0.337190 0.023808 -0.941135 0.000000 0.015600 5 6 0 0 0.656523 0.343477 0.000000 0.000000
v 5.746209 61.626358 2.625900 0.996315 -0.022569 0.082741 0.000000 0.015600 6 5 0 0 0.904212 0.095788 0.000000 0.000000
v 5.528726 60.933666 3.239555 0.933723 -0.274984 0.229227 0.000000 0.015600 6 5 0 0 0.904187 0.095813 0.000000 0.000000
v 5.635233 60.904903 1.944237 0.959773 -0.271871 -0.070151 0.000000 0.015600 6 5 0 0 0.903963 0.096037 0.000000 0.000000
v 5.564767 61.659912 3.481755 0.289052 -0.032763 0.956753 0.000000 0.015600 6 5 0 0 0.904302 0.095698 0.000000 0.000000
v 5.583810 62.247559 3.313946 0.951176 0.211431 0.224857 0.000000 0.015600 6 5 0 0 0.904396 0.095604 0.000000 0.000000
v 5.676050 62.216228 1.845426 0.386114 0.802611 -0.454677 0.000000 0.015600 6 5 0 0 0.904368 0.095632 0.000000 0.000000
v 5.723624 61.762836 1.643732 0.420830 0.023863 -0.906826 0.000000 0.015600 6 5 0 0 0.903928 0.096072 0.000000 0.000000
indices 4371
i 0 1 2
i 2 1 3
i 1 4 3
i 3 4 5
i 4 6 5
i 5 6 7
i 6 8 7
i 7 8 9
i 8 10 9
i 9 10 11
i 10 12 11
i 11 12 13
i 12 14 13
i 13 14 15
i 14 16 15
i 15 16 17
i 16 18 17
i 17 18 19
i 18 20 19
i 19 20 21
i 22 23 24
i 24 23 25
i 23 26 25
i 25 26 27
i 26 23 27
i 27 23 28
i 23 29 28
i 28 29 30
i 29 31 30
i 30 31 32
i 31 33 32
i 32 33 34
i 33 35 34
i 34 35 36
i 35 37 36
i 36 37 38
i 37 39 38
i 38 39 40
i 39 41 40
i 40 41 42
i 43 44 45
i 45 44 46
i 44 47 46
i 46 47 48
i 47 49 48
i 48 49 50
i 49 51 50
i 50 51 52
i 51 53 52
i 52 53 54
i 53 55 54
i 54 55 56
i 55 57 56
i 56 57 58
i 57 59 58
i 58 59 60
i 59 61 60
i 62 63 64
i 64 63 65
i 63 66 65
i 65 66 67
i 66 68 67
i 67 68 69
i 68 70 69
i 69 70 71
i 70 72 71
i 71 72 73
i 72 74 73
i 73 74 64
i 74 75 64
i 64 75 62
i 75 76 62
i 62 76 77
i 76 78 77
i 77 78 79
i 15 80 13
i 13 80 9
i 80 81 9
i 9 81 7
i 81 82 7
i 7 82 5
i 82 83 5
i 5 83 3
i 83 84 3
i 3 84 2
i 84 85 2
i 2 85 86
i 85 87 86
i 88 44 43
i 81 19 82
i 82 19 89
i 19 21 89
i 89 21 90
i 21 91 90
i 90 91 92
i 91 93 92
i 92 93 94
i 93 95 94
i 94 95 96
i 95 97 96
i 96 97 98
i 97 99 98
i 100 101 102
i 102 101 103
i 101 104 103
i 103 104 105
i 104 106 105
i 105 106 107
i 106 108 107
i 107 108 109
i 108 110 109
i 109 110 111
i 110 112 111
i 111 112 113
i 112 114 113
i 115 116 95
i 95 116 117
i 116 118 117
i 117 118 119
i 118 120 119
i 119 120 121
i 120 122 121
i 121 122 123
i 122 124 123
i 123 124 125
i 124 126 125
i 125 126 127
i 126 128 127
i 129 130 35
i 35 130 37
i 130 131 37
i 37 131 39
i 131 132 39
i 39 132 41
i 88 133 44
i 44 133 47
i 133 134 47
i 47 134 49
i 134 135 49
i 49 135 51
i 135 136 51
i 51 136 53
i 136 137 53
i 53 137 59
i 137 61 59
i 85 92 87
i 87 92 133
i 92 94 133
i 133 94 138
i 94 139 138
i 138 139 77
i 139 140 77
i 77 140 63
i 140 141 63
i 63 141 142
i 36 143 34
i 34 143 32
i 143 144 32
i 32 144 145
i 144 146 145
i 145 146 147
i 146 148 147
i 147 148 149
i 148 150 149
i 149 150 151
i 152 153 154
i 154 153 155
i 153 156 155
i 155 156 157
i 156 158 157
i 157 158 159
i 158 160 159
i 159 160 161
i 160 162 161
i 127 163 125
i 125 163 123
i 163 164 123
i 123 164 121
i 164 99 121
i 121 99 165
i 99 97 165
i 165 97 119
i 97 117 119
i 166 167 168
i 168 167 169
i 167 170 169
i 169 170 171
i 170 172 171
i 171 172 173
i 172 174 173
i 173 174 175
i 174 176 175
i 177 178 179
i 179 178 180
i 178 181 180
i 180 181 182
i 181 183 182
i 182 183 184
i 183 143 184
i 184 143 38
i 143 36 38
i 185 40 174
i 185 38 40
i 185 186 38
i 185 187 186
i 185 166 187
i 185 167 166
i 185 174 167
i 105 107 188
i 188 107 189
i 107 109 189
i 189 109 190
i 109 111 190
i 190 111 191
i 111 113 191
i 25 27 192
i 192 27 193
i 27 28 193
i 193 28 194
i 28 30 194
i 194 30 195
i 30 196 195
i 197 145 198
i 198 145 199
i 145 147 199
i 199 147 200
i 147 149 200
i 200 149 151
i 85 84 92
i 92 84 90
i 84 83 90
i 90 83 89
i 83 82 89
i 91 102 93
i 93 102 201
i 102 103 201
i 201 103 202
i 103 188 202
i 35 33 155
i 155 33 203
i 33 31 203
i 203 31 152
i 31 204 152
i 124 122 126
i 126 122 205
i 122 120 205
i 205 120 206
i 120 118 206
i 110 108 112
i 112 108 114
i 108 106 114
i 114 106 207
i 106 208 207
i 209 162 160
i 209 210 162
i 209 211 210
i 209 212 211
i 209 160 212
i 65 67 64
i 64 67 73
i 67 213 73
i 73 213 71
i 213 69 71
i 146 150 148
i 146 214 150
i 146 215 214
i 146 216 215
i 146 144 216
i 217 182 218
i 218 182 219
i 182 184 219
i 219 184 220
i 184 38 220
i 221 183 222
i 222 183 223
i 183 181 223
i 223 181 224
i 181 177 224
i 130 132 131
i 130 225 132
i 130 129 226
i 29 204 31
i 29 227 204
i 29 22 227
i 29 23 22
i 54 56 228
i 228 56 229
i 56 58 229
i 229 58 60
i 136 61 137
i 136 230 61
i 136 231 230
i 136 135 231
i 232 233 4
i 232 234 233
i 232 235 234
i 232 236 235
i 15 17 80
i 80 17 81
i 17 19 81
i 237 208 101
i 101 208 104
i 208 106 104
i 174 172 167
i 167 172 170
i 57 55 59
i 59 55 53
i 157 159 238
i 238 159 161
i 216 144 239
i 239 144 143
i 42 176 40
i 40 176 174
i 135 134 231
i 231 134 79
i 182 217 180
i 180 217 179
i 240 141 139
i 139 141 140
i 133 138 134
i 94 96 139
i 93 201 95
i 241 242 243
i 244 245 246
i 247 248 249
i 69 213 67
i 250 251 4
i 13 9 11
i 210 252 162
i 212 160 158
i 121 165 119
i 63 62 77
i 95 117 97
i 102 91 100
i 101 100 237
i 115 201 202
i 196 30 32
i 103 105 188
i 32 145 197
i 126 205 128
i 240 96 98
i 77 79 138
i 181 178 177
i 63 142 66
i 253 254 221
i 947 948 949
i 949 948 950
i 948 951 950
i 950 951 952
i 951 953 952
i 952 953 954
i 953 955 954
i 954 955 956
i 955 957 956
i 956 957 958
i 957 959 958
i 958 959 960
i 959 961 960
i 960 961 962
i 961 963 962
i 962 963 964
i 963 965 964
i 964 965 966
i 965 967 966
i 966 967 968
i 969 970 971
i 971 970 972
i 970 973 972
i 972 973 974
i 973 970 974
i 974 970 975
i 970 976 975
i 975 976 977
i 976 978 977
i 977 978 979
i 978 980 979
i 979 980 981
i 980 982 981
i 981 982 983
i 982 984 983
i 983 984 985
i 984 986 985
i 985 986 987
i 986 988 987
i 987 988 989
i 990 991 992
i 992 991 993
i 991 994 993
i 993 994 995
i 994 996 995
i 995 996 997
i 996 998 997
i 997 998 999
i 998 1000 999
i 999 1000 1001
i 1000 1002 1001
i 1001 1002 1003
i 1002 1004 1003
i 1003 1004 1005
i 1004 1006 1005
i 1005 1006 1007
i 1006 1008 1007
i 1009 1010 1011
i 1011 1010 1012
i 1010 1013 1012
i 1012 1013 1014
i 1013 1015 1014
i 1014 1015 1016
i 1015 1017 1016
i 1016 1017 1018
i 1017 1019 1018
i 1018 1019 1020
i 1019 1021 1020
i 1020 1021 1011
i 1021 1022 1011
i 1011 1022 1009
i 1022 1023 1009
i 1009 1023 1024
i 1023 1025 1024
i 1024 1025 1026
i 962 1027 960
i 960 1027 956
i 1027 1028 956
i 956 1028 954
i 1028 1029 954
i 954 1029 952
i 1029 1030 952
i 952 1030 950
i 1030 1031 950
i 950 1031 949
i 1031 1032 949
i 949 1032 1033
i 1032 1034 1033
i 1035 991 990
i 1028 966 1029
i 1029 966 1036
i 966 968 1036
i 1036 968 1037
i 968 1038 1037
i 1037 1038 1039
i 1038 1040 1039
i 1039 1040 1041
i 1040 1042 1041
i 1041 1042 1043
i 1042 1044 1043
i 1043 1044 1045
i 1044 1046 1045
i 1047 1048 1049
i 1049 1048 1050
i 1048 1051 1050
i 1050 1051 1052
i 1051 1053 1052
i 1052 1053 1054
i 1053 1055 1054
i 1054 1055 1056
i 1055 1057 1056
i 1056 1057 1058
i 1057 1059 1058
i 1058 1059 1060
i 1059 1061 1060
i 1062 1063 1042
i 1042 1063 1064
i 1063 1065 1064
i 1064 1065 1066
i 1065 1067 1066
i 1066 1067 1068
i 1067 1069 1068
i 1068 1069 1070
i 1069 1071 1070
i 1070 1071 1072
i 1071 1073 1072
i 1072 1073 1074
i 1073 1075 1074
i 1076 1077 982
i 982 1077 984
i 1077 1078 984
i 984 1078 986
i 1078 1079 986
i 986 1079 988
i 1035 1080 991
i 991 1080 994
i 1080 1081 994
i 994 1081 996
i 1081 1082 996
i 996 1082 998
i 1082 1083 998
i 998 1083 1000
i 1083 1084 1000
i 1000 1084 1006
i 1084 1008 1006
i 1032 1039 1034
i 1034 1039 1080
i 1039 1041 1080
i 1080 1041 1085
i 1041 1086 1085
i 1085 1086 1024
i 1086 1087 1024
i 1024 1087 1010
i 1087 1088 1010
i 1010 1088 1089
i 983 1090 981
i 981 1090 979
i 1090 1091 979
i 979 1091 1092
i 1091 1093 1092
i 1092 1093 1094
i 1093 1095 1094
i 1094 1095 1096
i 1095 1097 1096
i 1096 1097 1098
i 1099 1100 1101
i 1101 1100 1102
i 1100 1103 1102
i 1102 1103 1104
i 1103 1105 1104
i 1104 1105 1106
i 1105 1107 1106
i 1106 1107 1108
i 1107 1109 1108
i 1074 1110 1072
i 1072 1110 1070
i 1110 1111 1070
i 1070 1111 1068
i 1111 1046 1068
i 1068 1046 1112
i 1046 1044 1112
i 1112 1044 1066
i 1044 1064 1066
i 1113 1114 1115
i 1115 1114 1116
i 1114 1117 1116
i 1116 1117 1118
i 1117 1119 1118
i 1118 1119 1120
i 1119 1121 1120
i 1120 1121 1122
i 1121 1123 1122
i 1124 1125 1126
i 1126 1125 1127
i 1125 1128 1127
i 1127 1128 1129
i 1128 1130 1129
i 1129 1130 1131
i 1130 1090 1131
i 1131 1090 985
i 1090 983 985
i 1132 987 1121
i 1132 985 987
i 1132 1133 985
i 1132 1134 1133
i 1132 1113 1134
i 1132 1114 1113
i 1132 1121 1114
i 1052 1054 1135
i 1135 1054 1136
i 1054 1056 1136
i 1136 1056 1137
i 1056 1058 1137
i 1137 1058 1138
i 1058 1060 1138
i 972 974 1139
i 1139 974 1140
i 974 975 1140
i 1140 975 1141
i 975 977 1141
i 1141 977 1142
i 977 1143 1142
i 1144 1092 1145
i 1145 1092 1146
i 1092 1094 1146
i 1146 1094 1147
i 1094 1096 1147
i 1147 1096 1098
i 1032 1031 1039
i 1039 1031 1037
i 1031 1030 1037
i 1037 1030 1036
i 1030 1029 1036
i 1038 1049 1040
i 1040 1049 1148
i 1049 1050 1148
i 1148 1050 1149
i 1050 1135 1149
i 982 980 1102
i 1102 980 1150
i 980 978 1150
i 1150 978 1099
i 978 1151 1099
i 1071 1069 1073
i 1073 1069 1152
i 1069 1067 1152
i 1152 1067 1153
i 1067 1065 1153
i 1057 1055 1059
i 1059 1055 1061
i 1055 1053 1061
i 1061 1053 1154
i 1053 1155 1154
i 1156 1109 1107
i 1156 1157 1109
i 1156 1158 1157
i 1156 1159 1158
i 1156 1107 1159
i 1012 1014 1011
i 1011 1014 1020
i 1014 1160 1020
i 1020 1160 1018
i 1160 1016 1018
i 1093 1097 1095
i 1093 1161 1097
i 1093 1162 1161
i 1093 1163 1162
i 1093 1091 1163
i 1164 1129 1165
i 1165 1129 1166
i 1129 1131 1166
i 1166 1131 1167
i 1131 985 1167
i 1168 1130 1169
i 1169 1130 1170
i 1130 1128 1170
i 1170 1128 1171
i 1128 1124 1171
i 1077 1079 1078
i 1077 1172 1079
i 1077 1076 1173
i 976 1151 978
i 976 1174 1151
i 976 969 1174
i 976 970 969
i 1001 1003 1175
i 1175 1003 1176
i 1003 1005 1176
i 1176 1005 1007
i 1083 1008 1084
i 1083 1177 1008
i 1083 1178 1177
i 1083 1082 1178
i 1179 1180 951
i 1179 1181 1180
i 1179 1182 1181
i 1179 1183 1182
i 962 964 1027
i 1027 964 1028
i 964 966 1028
i 1184 1155 1048
i 1048 1155 1051
i 1155 1053 1051
i 1121 1119 1114
i 1114 1119 1117
i 1004 1002 1006
i 1006 1002 1000
i 1104 1106 1185
i 1185 1106 1108
i 1163 1091 1186
i 1186 1091 1090
i 989 1123 987
i 987 1123 1121
i 1082 1081 1178
i 1178 1081 1026
i 1129 1164 1127
i 1127 1164 1126
i 1187 1088 1086
i 1086 1088 1087
i 1080 1085 1081
i 1041 1043 1086
i 1040 1148 1042
i 1188 1189 1190
i 1191 1192 1193
i 1194 1195 1196
i 1016 1160 1014
i 1197 1198 951
i 960 956 958
i 1157 1199 1109
i 1159 1107 1105
i 1068 1112 1066
i 1010 1009 1024
i 1042 1064 1044
i 1049 1038 1047
i 1048 1047 1184
i 1062 1148 1149
i 1143 977 979
i 1050 1052 1135
i 979 1092 1144
i 1073 1152 1075
i 1187 1043 1045
i 1024 1026 1085
i 1128 1125 1124
i 1010 1089 1013
i 1200 1201 1168
i 255 256 257
i 257 256 258
i 258 259 257
i 258 256 260
i 260 261 258
i 261 260 262
i 262 263 261
i 260 264 262
i 262 264 265
i 264 266 265
i 265 266 267
i 266 268 267
i 267 268 269
i 268 255 269
i 269 255 257
i 270 271 272
i 272 273 270
i 272 271 274
i 274 275 272
i 271 276 274
i 274 276 277
i 276 278 277
i 277 278 279
i 278 280 279
i 279 280 281
i 280 282 281
i 283 284 281
i 283 281 282
i 283 282 285
i 285 282 270
i 270 286 285
i 287 288 289
i 289 290 287
i 291 292 293
i 293 294 291
i 295 296 297
i 298 295 297
i 298 297 290
i 298 290 299
i 300 294 301
i 301 299 300
i 302 303 304
i 304 305 302
i 306 304 303
i 303 307 308
i 306 303 308
i 303 309 310
i 310 307 303
i 311 310 309
i 312 311 309
i 312 309 313
i 302 314 315
i 302 315 313
i 302 313 309
i 316 314 302
i 302 305 316
i 259 317 269
i 269 257 259
i 269 317 318
i 318 267 269
i 263 262 267
i 267 318 263
i 267 262 265
i 274 277 319
i 319 320 274
i 319 277 281
i 281 284 319
i 277 279 281
i 321 283 285
i 285 322 321
i 286 270 273
i 286 273 323
i 286 323 324
i 286 322 285
i 324 325 275
i 324 275 274
i 274 320 326
i 324 274 326
i 324 322 286
i 326 320 322
i 322 324 326
i 319 322 320
i 321 322 319
i 327 328 329
i 329 330 331
i 329 331 312
i 327 329 312
i 332 333 328
i 328 327 332
i 272 334 273
i 275 334 272
i 325 334 275
i 323 273 334
i 288 287 335
i 291 294 300
i 297 296 336
i 297 336 337
i 299 290 289
i 301 296 295
i 301 295 298
i 299 301 298
i 338 335 287
i 338 287 297
i 293 292 338
i 336 296 301
i 337 336 301
i 301 293 339
i 308 307 329
i 340 341 306
i 329 340 306
i 308 329 306
i 341 340 342
i 342 340 328
i 328 333 343
i 342 328 343
i 330 329 307
i 259 344 317
i 258 344 259
i 261 344 258
i 263 344 261
i 318 344 263
i 317 344 318
i 345 346 347
i 347 346 348
i 346 349 348
i 348 349 350
i 349 351 350
i 350 351 352
i 351 353 352
i 352 353 354
i 353 355 354
i 354 355 356
i 355 357 356
i 356 357 358
i 357 359 358
i 358 359 360
i 359 361 360
i 360 361 362
i 361 363 362
i 362 363 364
i 363 365 364
i 364 365 366
i 365 367 366
i 366 367 368
i 367 369 368
i 368 369 370
i 369 371 370
i 370 371 372
i 371 373 372
i 374 375 376
i 376 375 377
i 375 378 377
i 377 378 379
i 378 380 379
i 379 380 381
i 380 382 381
i 381 382 383
i 382 384 383
i 383 384 385
i 384 386 385
i 385 386 387
i 386 388 387
i 387 388 389
i 388 390 389
i 389 390 391
i 390 392 391
i 393 394 395
i 395 394 396
i 394 397 396
i 396 397 398
i 397 399 398
i 398 399 400
i 399 401 400
i 400 401 402
i 401 403 402
i 402 403 404
i 403 405 404
i 404 405 406
i 405 407 406
i 408 409 410
i 410 409 411
i 409 412 411
i 411 412 413
i 412 414 413
i 413 414 415
i 414 416 415
i 417 418 419
i 417 419 420
i 421 417 420
i 421 420 422
i 416 423 424
i 415 416 424
i 422 415 424
i 422 424 425
i 421 422 425
i 422 426 427
i 426 428 427
i 427 428 429
i 428 430 431
i 431 432 429
i 428 431 429
i 433 434 435
i 435 434 436
i 434 437 436
i 436 437 438
i 437 439 438
i 438 439 440
i 439 441 440
i 440 441 442
i 441 443 442
i 442 443 444
i 443 445 444
i 413 415 446
i 446 415 447
i 415 448 447
i 447 448 449
i 448 450 449
i 449 450 451
i 450 422 451
i 451 422 452
i 452 427 453
i 454 455 456
i 456 455 457
i 455 458 457
i 457 458 459
i 458 460 459
i 459 460 461
i 460 462 461
i 461 462 463
i 462 464 463
i 465 466 467
i 467 466 468
i 466 469 468
i 468 469 470
i 469 471 470
i 470 471 472
i 471 473 472
i 472 473 474
i 473 475 474
i 476 477 478
i 478 477 479
i 477 480 479
i 479 480 481
i 480 482 481
i 481 482 483
i 482 484 483
i 483 484 485
i 484 486 485
i 487 488 489
i 489 488 490
i 488 491 490
i 490 491 492
i 491 493 492
i 492 493 494
i 493 495 494
i 494 495 496
i 495 497 496
i 498 499 500
i 500 499 501
i 499 502 501
i 501 502 503
i 502 504 503
i 503 504 505
i 504 506 505
i 505 506 507
i 508 509 510
i 510 509 511
i 509 512 511
i 513 514 515
i 515 516 513
i 516 515 517
i 515 518 517
i 517 518 519
i 520 521 522
i 520 523 521
i 520 524 523
i 520 525 524
i 520 526 525
i 520 527 526
i 520 522 527
i 528 529 530
i 528 531 529
i 528 532 531
i 528 533 532
i 528 534 533
i 528 535 534
i 528 530 535
i 536 380 378
i 536 384 380
i 536 537 384
i 536 538 537
i 536 539 538
i 536 540 539
i 536 378 540
i 541 542 543
i 543 542 544
i 542 545 544
i 544 545 546
i 545 547 546
i 546 547 548
i 547 549 548
i 550 551 552
i 550 553 551
i 550 554 553
i 550 555 554
i 550 556 555
i 550 557 556
i 550 552 557
i 558 559 560
i 558 561 559
i 558 562 561
i 558 563 562
i 558 564 563
i 558 565 564
i 558 560 565
i 566 567 568
i 566 569 567
i 566 570 569
i 566 571 570
i 566 572 571
i 566 573 572
i 566 568 573
i 574 575 576
i 576 575 577
i 577 578 576
i 579 580 581
i 581 582 583
i 579 581 583
i 581 584 582
i 582 584 585
i 584 586 585
i 587 588 589
i 587 590 588
i 587 591 590
i 587 592 591
i 587 593 592
i 587 594 593
i 587 589 594
i 595 596 597
i 597 596 598
i 596 599 598
i 599 600 449
i 449 600 601
i 600 602 601
i 437 603 439
i 439 603 441
i 603 604 441
i 441 604 443
i 604 605 443
i 443 605 445
i 606 607 608
i 608 607 609
i 607 610 609
i 609 610 611
i 610 612 611
i 611 612 613
i 374 376 614
i 614 376 394
i 376 377 394
i 394 377 397
i 377 379 397
i 397 379 399
i 615 616 617
i 617 616 618
i 616 619 618
i 618 619 620
i 619 621 620
i 620 621 622
i 623 624 625
i 623 626 624
i 623 627 626
i 623 628 627
i 623 629 628
i 623 625 629
i 442 630 440
i 440 630 438
i 630 631 438
i 438 631 436
i 631 632 436
i 436 632 633
i 634 635 636
i 634 637 635
i 634 638 637
i 634 639 638
i 634 640 639
i 634 636 640
i 641 642 643
i 643 642 644
i 642 645 644
i 644 645 646
i 645 647 646
i 646 647 648
i 649 405 401
i 649 650 405
i 649 651 650
i 649 652 651
i 649 653 652
i 649 401 653
i 654 601 655
i 655 601 656
i 601 657 656
i 656 657 658
i 657 659 658
i 658 659 596
i 660 355 353
i 660 357 355
i 660 359 357
i 660 661 359
i 660 353 661
i 473 662 475
i 473 663 662
i 473 664 663
i 473 469 664
i 473 471 469
i 456 457 665
i 665 457 666
i 457 459 666
i 666 459 667
i 459 461 667
i 668 669 670
i 668 671 669
i 668 672 671
i 668 673 672
i 668 670 673
i 674 365 363
i 674 675 365
i 674 359 675
i 674 361 359
i 674 363 361
i 527 676 526
i 527 677 676
i 527 678 677
i 527 679 678
i 527 522 679
i 680 681 682
i 682 681 683
i 681 684 683
i 683 684 685
i 684 686 685
i 687 688 689
i 689 688 690
i 688 691 690
i 690 691 692
i 691 693 692
i 388 694 390
i 388 695 694
i 388 696 695
i 388 697 696
i 388 386 697
i 371 698 373
i 371 699 698
i 371 700 699
i 371 367 700
i 371 369 367
i 701 702 703
i 703 702 704
i 702 705 704
i 704 705 706
i 705 707 706
i 708 709 710
i 708 711 709
i 708 712 711
i 708 713 712
i 708 714 713
i 715 716 717
i 715 718 716
i 715 719 718
i 715 720 719
i 715 721 720
i 722 723 724
i 722 725 723
i 722 726 725
i 722 727 726
i 722 728 727
i 729 730 731
i 731 730 732
i 730 733 732
i 732 733 734
i 733 735 734
i 346 351 349
i 346 736 351
i 346 737 736
i 346 738 737
i 346 345 738
i 739 740 741
i 741 740 742
i 740 743 742
i 742 743 744
i 743 745 744
i 488 493 491
i 488 746 493
i 488 747 746
i 488 748 747
i 488 487 748
i 479 481 749
i 749 481 750
i 481 483 750
i 750 483 751
i 483 485 751
i 752 753 754
i 754 753 755
i 753 756 755
i 755 756 757
i 756 758 757
i 759 760 761
i 761 760 762
i 760 763 762
i 762 763 764
i 763 765 764
i 766 767 768
i 768 767 769
i 767 770 769
i 769 770 771
i 770 772 771
i 430 428 416
i 416 773 430
i 774 773 416
i 775 774 416
i 775 416 776
i 775 776 777
i 416 778 776
i 776 778 779
i 778 780 779
i 781 782 783
i 783 782 784
i 782 785 784
i 784 785 786
i 785 787 786
i 788 789 790
i 790 789 791
i 789 792 791
i 679 522 793
i 793 522 794
i 522 521 794
i 794 521 795
i 396 404 395
i 396 402 404
i 396 400 402
i 396 398 400
i 348 352 796
i 796 352 797
i 352 354 797
i 797 354 356
i 607 798 610
i 610 798 612
i 798 799 612
i 612 799 800
i 616 615 801
i 801 615 622
i 615 802 622
i 622 802 620
i 458 803 460
i 460 803 462
i 803 804 462
i 462 804 464
i 467 468 805
i 805 468 806
i 468 470 806
i 806 470 472
i 807 808 534
i 534 808 533
i 808 809 533
i 533 809 810
i 539 540 811
i 811 540 812
i 540 378 812
i 812 378 375
i 389 385 387
i 389 383 385
i 389 381 383
i 389 391 381
i 366 813 364
i 366 814 813
i 366 370 814
i 366 368 370
i 637 638 815
i 815 638 816
i 638 639 816
i 816 639 817
i 818 745 819
i 818 820 745
i 818 741 820
i 818 739 741
i 563 821 562
i 563 822 821
i 563 823 822
i 563 564 823
i 412 409 780
i 780 409 779
i 409 408 779
i 779 408 776
i 433 824 434
i 434 824 437
i 824 603 437
i 825 826 526
i 526 826 525
i 826 827 525
i 828 829 830
i 830 829 831
i 829 832 831
i 833 834 628
i 628 834 627
i 834 835 627
i 492 494 836
i 836 494 837
i 494 496 837
i 838 839 477
i 477 839 480
i 839 482 480
i 449 451 840
i 840 451 453
i 451 452 453
i 416 414 778
i 778 414 780
i 414 412 780
i 596 841 599
i 599 841 600
i 841 602 600
i 656 658 655
i 655 658 595
i 658 596 595
i 442 444 630
i 630 444 842
i 670 669 843
i 843 669 844
i 845 846 673
i 673 846 672
i 694 847 390
i 390 847 392
i 712 713 848
i 848 713 849
i 718 850 716
i 716 850 851
i 721 715 710
i 710 715 708
i 852 853 854
i 854 853 855
i 832 856 831
i 831 856 857
i 850 848 851
i 851 848 849
i 851 849 716
i 716 849 713
i 716 713 717
i 717 713 714
i 717 714 715
i 715 714 708
i 858 859 671
i 671 859 669
i 650 860 405
i 405 860 407
i 447 654 861
i 654 447 449
i 517 862 516
i 516 862 511
i 584 581 863
i 863 581 575
i 453 427 840
i 422 450 415
i 864 865 866
i 866 865 867
i 868 589 869
i 869 589 588
i 594 589 870
i 870 589 871
i 872 873 874
i 874 873 875
i 876 877 873
i 873 877 875
i 358 878 356
i 352 348 350
i 394 393 614
i 879 880 881
i 798 607 882
i 833 628 629
i 529 531 883
i 662 884 475
i 533 810 532
i 603 885 604
i 886 611 613
i 529 887 530
i 526 676 825
i 684 888 686
i 543 889 541
i 546 548 890
i 701 891 702
i 706 892 704
i 690 893 689
i 360 362 894
i 700 895 699
i 896 693 691
i 897 700 367
i 384 382 380
i 384 537 386
i 364 813 362
i 898 673 670
i 828 830 899
i 435 436 633
i 900 730 729
i 901 787 785
i 902 903 792
i 642 641 904
i 405 403 401
i 737 905 736
i 401 399 653
i 351 736 906
i 745 743 819
i 907 565 560
i 487 908 748
i 562 821 909
i 492 836 490
i 476 838 477
i 559 910 560
i 766 911 767
i 912 506 504
i 756 913 758
i 755 914 754
i 764 915 762
i 760 759 916
i 428 426 416
i 645 917 647
i 781 918 782
i 576 919 574
i 920 781 783
i 449 601 654
i 422 427 452
i 921 513 516
i 922 921 516
i 922 516 511
i 923 922 511
i 923 511 512
i 924 923 512
i 512 925 926
i 924 512 926
i 926 925 513
i 926 513 927
i 922 928 924
i 927 922 924
i 926 927 924
i 929 930 931
i 932 577 575
i 933 932 575
i 933 575 581
i 933 581 580
i 777 934 935
i 935 775 777
i 936 937 938
i 938 939 936
i 940 936 939
i 941 942 943
i 943 944 941
i 941 577 945
i 942 941 945
i 942 945 933
i 448 946 450
i 1202 1203 1204
i 1202 1205 1203
i 1202 1206 1205
i 1202 1207 1206
i 1202 1208 1207
i 1202 1204 1208
i 1209 1210 1211
i 1209 1212 1210
i 1209 1213 1212
i 1209 1214 1213
i 1209 1215 1214
i 1209 1211 1215
sub 0 0 2070 0
sub 1 2070 2265 1
sub 2 4335 36 2
